Username,Tweet Count,Date,Compound,Negative,Neutral,Positive,Text
BBC,1,Sun Apr 22 20:17:08 +0000 2018,0.6124,0.0,0.773,0.227,"Stand up comedy from halloumi enthusiast and absolute lad @joelycett. üòÇ

That's The Way, A-Ha A-Ha, Joe Lycett | 10‚Ä¶ https://t.co/NHdfQKtLmC"
BBC,2,Sun Apr 22 19:03:04 +0000 2018,-0.5267,0.159,0.841,0.0,The lives of two half-sisters and their drawing master get caught up in a deadly conspiracy revolving around a ment‚Ä¶ https://t.co/Eczbbv1Xiq
BBC,3,Sun Apr 22 18:00:24 +0000 2018,0.0,0.0,1.0,0.0,üòçüêÆ These cows have been let out for the first time in five months. https://t.co/RYBwAENw0L
BBC,4,Sun Apr 22 16:00:22 +0000 2018,0.0,0.0,1.0,0.0,‚ù§Ô∏èü¶ç Bolingo is learning to enhance his mental and physical wellbeing. https://t.co/PCd1vtd9mD
BBC,5,Sun Apr 22 15:31:08 +0000 2018,0.0,0.0,1.0,0.0,It's a boy! üòçThe gender of the UK's first polar bear cub to be born in 25 years has been confirmed... now we just n‚Ä¶ https://t.co/ylwMjGfhBs
BBC,6,Sun Apr 22 15:30:13 +0000 2018,0.0,0.0,1.0,0.0,RT @BBCNewsbeat: During the #LondonMarathon this man proposed to his girlfriend üíç‚ù§Ô∏è https://t.co/k4EHQiRGo7
BBC,7,Sun Apr 22 13:08:03 +0000 2018,-0.296,0.109,0.891,0.0,"No business cards, a focus on ‚Äòlife-life balance‚Äô and an average employee age of 25-years-old‚Ä¶

Is this the younges‚Ä¶ https://t.co/fwXh4t9W84"
BBC,8,Sun Apr 22 12:56:32 +0000 2018,0.0,0.0,1.0,0.0,"RT @BBC100women: In 1967, @KVSwitzer became the first woman to officially run the Boston Marathon.

Kathrine has gone on to run another 40‚Ä¶"
BBC,9,Sun Apr 22 12:15:00 +0000 2018,0.0,0.0,1.0,0.0,What a legend. üôå https://t.co/0weiFvPGwD
BBC,10,Sun Apr 22 12:03:05 +0000 2018,-0.4019,0.194,0.697,0.109,This is how art is helping Beirut recover from the ravages of war. üé®‚ù§Ô∏èÔ∏è https://t.co/BDswK8zvQE https://t.co/YywZCbNWtU
BBC,11,Sun Apr 22 12:00:40 +0000 2018,0.0,0.0,1.0,0.0,"RT @BBCOne: Third place AND the British record. 

Go Mo! üôåüôå #LondonMarathon https://t.co/fJs3g0LSwk"
BBC,12,Sun Apr 22 12:00:34 +0000 2018,0.0,0.0,1.0,0.0,"RT @BBCOne: Running: not for everyone. 
#LondonMarathon @bbcsport https://t.co/ZgJ2hPF3K2"
BBC,13,Sun Apr 22 11:06:05 +0000 2018,0.0,0.0,1.0,0.0,Imagine a world where scientists are the people kids dreamed of becoming. üî¨üí°üöÄ @KarenLMasters takes us to her ‚Äúscien‚Ä¶ https://t.co/JYagPrcqhB
BBC,14,Sun Apr 22 10:43:47 +0000 2018,0.5859,0.0,0.826,0.174,"RT @bbcgetinspired: Running 26.2 miles = dedication ‚úÖüíØ

But running it dressed as a minion or a giant rhino? Amazing üòÇ

#LondonMarathon #Ge‚Ä¶"
BBC,15,Sun Apr 22 10:43:33 +0000 2018,0.6114,0.0,0.857,0.143,"RT @BBCSport: What a moment for her! After making her marathon debut last year at the age of 33, Kenya's Vivian Cheruiyot has won her first‚Ä¶"
BBC,16,Sun Apr 22 10:03:04 +0000 2018,-0.296,0.121,0.879,0.0,"Before her family went into hiding, Anne Frank exchanged letters with a pen pal from America. üíåüëâ‚Ä¶ https://t.co/WPpcqc0o7S"
BBC,17,Sun Apr 22 09:06:18 +0000 2018,0.0,0.0,1.0,0.0,"RT @bbcgetinspired: 26.2 miles.
40,000 runners.
40,000 reasons to run.

It's the @LondonMarathon!

Live üëâ https://t.co/3dAqQTmdJ1

üì∫ @BBCOn‚Ä¶"
BBC,18,Sun Apr 22 09:04:04 +0000 2018,0.0,0.0,1.0,0.0,"If you thought being transgender was a recent development, the Ancient Greeks have news for you... https://t.co/qxl9lcqC0O"
BBC,19,Sun Apr 22 08:47:42 +0000 2018,-0.5267,0.134,0.866,0.0,RT @BBCSport: Paula Radcliffe thinks her record is under threat today from Mary Keitany and Tirunesh Dibaba. We'll soon see. They're off an‚Ä¶
BBC,20,Sun Apr 22 08:40:21 +0000 2018,0.0,0.0,1.0,0.0,"RT @BBCEngland: üèÉ‚Äç‚ôÄÔ∏è‚òÄÔ∏èüèÉ‚Äç‚ôÇÔ∏è Running the #LondonMarathon today? üèÉ‚Äç‚ôÄÔ∏è‚òÄÔ∏èüèÉ‚Äç‚ôÇÔ∏è

Here's what you need to know about running a marathon in the heat‚Ä¶"
BBC,21,Sun Apr 22 08:39:44 +0000 2018,0.7096,0.0,0.763,0.237,"RT @BBCOne: Good luck to everyone running the #LondonMarathon today üôå 

Tune in to live coverage üì∫ @bbcone.
Follow live online with @bbcspo‚Ä¶"
BBC,22,Sun Apr 22 08:03:06 +0000 2018,0.0,0.0,1.0,0.0,How do you put on a world class show when your theatre is surrounded by water? üé≠üé∂üéü https://t.co/SNmeBae451
BBC,23,Sun Apr 22 07:08:06 +0000 2018,0.0,0.0,1.0,0.0,"üèÉüèÉ‚Äç‚ôÄÔ∏èüëè @GabbyLogan is live at the 38th London Marathon, where world-class runners and thousands of fundraisers are‚Ä¶ https://t.co/fc22DepgVZ"
BBC,24,Sat Apr 21 21:17:16 +0000 2018,0.0,0.0,1.0,0.0,RT @BBCNews: Austin Powers actor Verne Troyer dies aged 49 https://t.co/ongU21oE9A
BBC,25,Sat Apr 21 21:00:57 +0000 2018,0.8442,0.0,0.637,0.363,"RT @BBCOne: Here's a special message to The Queen to wish Her Majesty a Happy Birthday. With @CraigDavid, @ShawnMendes, @TheRealLukevans an‚Ä¶"
BBC,26,Sat Apr 21 20:58:05 +0000 2018,0.7644,0.0,0.515,0.485,Shaggy helps the Queen celebrate 92nd birthday! üëë¬†https://t.co/5C4NR4h5f9 https://t.co/jBHBF8ECOh
BBC,27,Sat Apr 21 20:45:04 +0000 2018,0.0,0.0,1.0,0.0,Fans gather in Stockholm to remember superstar DJ #Avicci. https://t.co/S7pIZbIwpd https://t.co/YD5Wuzaue1
BBC,28,Sat Apr 21 18:01:03 +0000 2018,0.0,0.0,1.0,0.0,"Tonight, @ShawnMendes, @kylieminogue, @RealSirTomJones and more will perform at a celebration concert for Her Majes‚Ä¶ https://t.co/NweqKaZsdW"
BBC,29,Sat Apr 21 17:05:03 +0000 2018,-0.1531,0.127,0.873,0.0,üé® Meet the 91-year-old rebel artist who was told he was unteachable. https://t.co/Vyquf7IG49
BBC,30,Sat Apr 21 16:03:02 +0000 2018,0.6369,0.0,0.417,0.583,‚ù§Ô∏èü¶ç A mother's love. https://t.co/O88T9j69Ga
BBC,31,Sat Apr 21 15:01:06 +0000 2018,0.2023,0.0,0.769,0.231,"üòÇ He's just playing, isn't he?
#Doodlebugs https://t.co/l36pbPp0xO"
BBC,32,Sat Apr 21 14:11:43 +0000 2018,0.0,0.0,1.0,0.0,RT @bbccomedy: But isn't every day #NationalTeaDay? üòúüá¨üáß https://t.co/hopt64YkzD
BBC,33,Sat Apr 21 14:07:06 +0000 2018,0.0,0.0,1.0,0.0,"üöòüöÜ A man bought a car, taxed and insured it and drove from London to Bristol - all for less than a return train far‚Ä¶ https://t.co/sOaqAT62I9"
BBC,34,Sat Apr 21 13:10:37 +0000 2018,0.7034,0.0,0.756,0.244,"RT @bbcmusic: HOW GREAT was @ShawnMendes 'In My Blood' performance? üíï 
Watch in full üëâhttps://t.co/OkASFE8FDB

#SoundsLikeFridayNight https‚Ä¶"
BBC,35,Sat Apr 21 13:06:06 +0000 2018,-0.0772,0.081,0.849,0.069,"A small cut whilst playing with his dog cost this man his legs and some of his fingers. 

Now he wants to raise awa‚Ä¶ https://t.co/jiLrK4TC53"
BBC,36,Sat Apr 21 12:18:18 +0000 2018,0.0,0.0,1.0,0.0,"RT @BBCNews: 41-gun salute at Hyde Park marks the Queen's 92nd birthday 

#QueensBirthday 

https://t.co/GSG5Cg0SgW https://t.co/AqLC6PTJQA"
BBC,37,Sat Apr 21 11:11:21 +0000 2018,0.6114,0.0,0.778,0.222,RT @BBCNewsround: Happy birthday to the Queen! üéâ See Her Majesty's marvellous outfits üëâhttps://t.co/4weEC55DoU #queensbirthday https://t.co‚Ä¶
BBC,38,Sat Apr 21 11:05:04 +0000 2018,0.8225,0.0,0.664,0.336,From green tea panna cotta to Earl Grey bread: these recipes are the perfect way to celebrate #NationalTeaDay (with‚Ä¶ https://t.co/kv5ZZMQRhE
BBC,39,Sat Apr 21 11:01:03 +0000 2018,0.3612,0.0,0.865,0.135,Find out how Chocolat author @JoanneChocolat's synaesthesia affects her writing - and which colour smells like choc‚Ä¶ https://t.co/yqBCNTQ8Qq
BBC,40,Sat Apr 21 10:04:06 +0000 2018,0.0,0.0,1.0,0.0,"üöÄ‚ú®'Reach for the stars!'

Space scientists at @NASA's advice to young girls wanting to be astronauts.
üëâ‚Ä¶ https://t.co/PDMl75AhFp"
BBC,41,Sat Apr 21 09:02:02 +0000 2018,0.0,0.0,1.0,0.0,Is ageing not the inevitable process we once thought it was? https://t.co/iUqbCaWKHo
BBC,42,Sat Apr 21 08:54:41 +0000 2018,-0.5423,0.304,0.696,0.0,RT @BBCNews: Is marathon running bad for you? https://t.co/WK7b486zuh
BBC,43,Sat Apr 21 08:00:24 +0000 2018,0.0,0.0,1.0,0.0,"Almost 5% of the population of Sri Lanka work in the billion-dollar tea industry, picking leaves on the mountain sl‚Ä¶ https://t.co/UWsc1MJxbq"
BBC,44,Fri Apr 20 21:41:39 +0000 2018,-0.2023,0.122,0.782,0.095,"RT @BBCBreaking: Swedish DJ Avicii, who has collaborated with the likes of Madonna and Coldplay, has died in Oman at the age of 28 https://‚Ä¶"
BBC,45,Fri Apr 20 21:03:05 +0000 2018,0.6369,0.0,0.766,0.234,"‚ù§Ô∏èÔ∏è üé¨ @GwynethPaltrow stars in a romantic comedy about being in the right place at the right time. 

Sliding Doors‚Ä¶ https://t.co/GUMQ05bWuf"
BBC,46,Fri Apr 20 20:04:05 +0000 2018,0.0,0.0,1.0,0.0,‚öîÔ∏èüòÇ If #GameOfThrones was Scottish... https://t.co/o2i6UzDwNb
BBC,47,Fri Apr 20 19:00:36 +0000 2018,0.0,0.0,1.0,0.0,"Go grab yourself a piece of quiche and stick it on Tumblr... because tomorrow might never come. 
#TraceyUllmansShow https://t.co/ZCxogmWq6q"
BBC,48,Fri Apr 20 18:33:05 +0000 2018,0.765,0.0,0.678,0.322,"Tonight, five families compete to win challenges in the comfort of their living rooms. üè† üì∫üéä

#TheButton | 8:30pm |‚Ä¶ https://t.co/7fJxWPtCn8"
BBC,49,Fri Apr 20 16:00:04 +0000 2018,0.4003,0.0,0.802,0.198,"‚ú® We can't wait to see @NileRogers &amp; Chic take on the #GigInAMinute challenge tonight!  

#SoundsLikeFridayNight |‚Ä¶ https://t.co/R1FWRimDEO"
BBC,50,Fri Apr 20 14:37:50 +0000 2018,0.3182,0.0,0.887,0.113,"RT @bbcmusic: Released today for the first time: Prince's original recording of 'Nothing Compares 2 U' from 1984 üíú
Listen üëâhttps://t.co/Ffh‚Ä¶"
BBC,51,Fri Apr 20 14:18:19 +0000 2018,0.0,0.0,1.0,0.0,RT @bbccomedy: Beware Hurricane Judi. üòú https://t.co/HzR5vzpwUQ
BBC,52,Fri Apr 20 13:03:07 +0000 2018,0.4019,0.0,0.876,0.124,RT @bbcpress: ‚ù§üöúüêÆüê∑üê¥üåΩ‚ù§ Meet the eight people looking for #LoveInTheCountryside with the help of @SaraJCox in new @BBCTwo series: https://t.c‚Ä¶
BBC,53,Fri Apr 20 13:00:22 +0000 2018,-0.2023,0.107,0.893,0.0,"üò±üçå A supermarket slip-up in an online order saw a woman charged ¬£930 for a single banana.
üëâ https://t.co/q7mauyIbUN https://t.co/cEThRXIAYZ"
BBC,54,Fri Apr 20 12:33:09 +0000 2018,0.4003,0.0,0.856,0.144,RT @bbcpress: üëó‚úÇ We're sew excited! #TheGreatBritishSewingBee will return to @BBCTwo with new host @JoeLycett: https://t.co/ycFBqm9Nwj http‚Ä¶
BBC,55,Fri Apr 20 12:00:19 +0000 2018,0.0,0.0,1.0,0.0,üòÇüì±Addicted to social media? https://t.co/USGmU1oUWD
BBC,56,Fri Apr 20 11:16:20 +0000 2018,0.8588,0.0,0.635,0.365,"RT @BBCnireland: Want to be a music presenter? Well now is your chance! If you are between 18-30, have solid music knowledge and love to ta‚Ä¶"
BBC,57,Fri Apr 20 11:02:05 +0000 2018,0.4019,0.0,0.847,0.153,"üé•üò≤ Tom Hardy and six other actors who are totally unrecognisable in movie roles.
üëâ https://t.co/aBqOY4iPLn https://t.co/vKXA74sAsX"
BBC,58,Fri Apr 20 10:04:31 +0000 2018,0.3182,0.1,0.687,0.213,"RT @bbcmusic: From 'Le Freak' to 'Get Lucky' @NileRodgers has TOO MANY HITS üí´
Watch Nile &amp; Chic take on the #GigInAMinute challenge on #Sou‚Ä¶"
BBC,59,Fri Apr 20 10:02:41 +0000 2018,0.0,0.0,1.0,0.0,RT @bbcthree: #MerciArsene https://t.co/2cg1rdFR0i
BBC,60,Fri Apr 20 09:01:22 +0000 2018,0.0,0.0,1.0,0.0,"RT @BBCSport: After 22 years, 10 major trophies, more than 800 Premier League games, Arsene Wenger has announced his time as Gunners boss i‚Ä¶"
BBC,61,Fri Apr 20 09:01:11 +0000 2018,0.0,0.0,1.0,0.0,"RT @bbcthree: In some *~personal~* news.

The Mucklowe's will be back on BBC Three with season 3 of #thiscountry AND to tide you we're putt‚Ä¶"
BBC,62,Fri Apr 20 09:01:05 +0000 2018,-0.7845,0.294,0.706,0.0,"Plastic straws and cotton buds could be banned in England as part of the government's bid to cut plastic waste.
üëâ‚Ä¶ https://t.co/kT40r6YG35"
BBC,63,Fri Apr 20 08:00:15 +0000 2018,0.8271,0.0,0.408,0.592,‚ù§Ô∏è The care home making dreams come true. https://t.co/EoavspBBgC
BBC,64,Fri Apr 20 07:01:04 +0000 2018,0.5859,0.0,0.612,0.388,‚òïÔ∏èThe Travelling Teapot is a brilliant idea. https://t.co/zGWs7CEjTP
BBC,65,Thu Apr 19 20:40:00 +0000 2018,0.0,0.0,1.0,0.0,When the Eiffel Tower was built in 1889 it wasn't the only exhibit to be put on display at France's world fair...‚Ä¶ https://t.co/WBAnzEPNfT
BBC,66,Thu Apr 19 19:00:00 +0000 2018,0.0,0.0,1.0,0.0,"üöΩ Who was Thomas Crapper?

The Toilet: An Unspoken History | Watch on @BBCiPlayer https://t.co/T23thof23K"
BBC,67,Thu Apr 19 18:02:09 +0000 2018,0.6124,0.0,0.75,0.25,"Whilst being big can have its advantages, it also comes with sizeable challenges... ü¶í üêã üêò

Natural World: Nature's‚Ä¶ https://t.co/DnoL4jxevJ"
BBC,68,Thu Apr 19 17:00:23 +0000 2018,0.6369,0.0,0.724,0.276,üé¨üöÄ Which space movies do they love (and hate) at @NASA?  https://t.co/P3EhxX5qEV
BBC,69,Thu Apr 19 16:19:20 +0000 2018,0.0,0.0,1.0,0.0,"RT @BBCNews: Hottest April day in UK since 1949

https://t.co/wiR7CJg93a"
BBC,70,Thu Apr 19 16:19:05 +0000 2018,-0.7391,0.193,0.807,0.0,"RT @bbc5live: ‚ÄúWe need to crack on and tackle this horrific problem‚Äù

Head of politics for Greenpeace UK Rebecca Newsom is ‚Äúreally pleased‚Äù‚Ä¶"
BBC,71,Thu Apr 19 16:00:20 +0000 2018,-0.4215,0.128,0.872,0.0,These Mexican paramedics are trying to find a balance between the trauma of their work and raising their infant son. https://t.co/GmgqobJzTb
BBC,72,Thu Apr 19 15:04:02 +0000 2018,0.5719,0.0,0.812,0.188,üåé Sir David Attenborough receives an unusual honour as a species is named after his #BluePlanet2 TV series. https://t.co/SV8ixdR9Qw
BBC,73,Thu Apr 19 13:00:22 +0000 2018,0.0,0.0,1.0,0.0,"‚òïÔ∏è‚ôªÔ∏è Why are 99.75% of coffee cups not recycled?
üëâ https://t.co/1yIjaWaKKx https://t.co/MusslKNslo"
BBC,74,Thu Apr 19 12:15:25 +0000 2018,0.0,0.0,1.0,0.0,"RT @BBCWorld: Watch a house explode after a car crashes into its gas pipe 

https://t.co/kdy8dSWcBU https://t.co/5u2QVsiDs7"
BBC,75,Thu Apr 19 12:00:21 +0000 2018,0.6249,0.0,0.494,0.506,How great is @TheRock? https://t.co/iME71fufeJ
BBC,76,Thu Apr 19 11:10:59 +0000 2018,-0.4588,0.188,0.812,0.0,"RT @bbcgetinspired: Meet the Grenfell firefighters running the #LondonMarathon.

Their story is heartbreaking. ‚ù§ https://t.co/EJOYuYosRB"
BBC,77,Thu Apr 19 11:00:16 +0000 2018,0.2023,0.098,0.769,0.132,üòüThis woman was shocked to receive a ¬£300 bill from her friends after house-sitting while they were on their honeym‚Ä¶ https://t.co/xEiXcBagJy
BBC,78,Thu Apr 19 10:07:27 +0000 2018,0.8842,0.0,0.575,0.425,"RT @BBCR1: Sunshine and a @ShawnMendes Live Lounge? Thursday's looking GREAT üòç

Make sure you're listening to @jordannorth1 üëâ https://t.co/‚Ä¶"
BBC,79,Thu Apr 19 08:00:07 +0000 2018,-0.1007,0.135,0.748,0.117,"‚òïÔ∏è Coffee isn't actually waking us up... it's just blocking our body's natural preparation for sleep! 
#UKCoffeeWeek https://t.co/1fkuf0t7A0"
BBC,80,Thu Apr 19 07:29:57 +0000 2018,0.4404,0.0,0.868,0.132,"RT @bbcproms: We are pleased to announce the 2018 BBC Proms season.
Full details are available now at https://t.co/VFmJ0XgeDX https://t.co/‚Ä¶"
BBC,81,Thu Apr 19 07:27:03 +0000 2018,-0.1531,0.162,0.702,0.136,"ü¶ÅüêòThe world's most popular animals are in more danger than we realise, according to a new study.
üëâ‚Ä¶ https://t.co/flSzqHf23I"
BBC,82,Thu Apr 19 07:00:07 +0000 2018,0.0,0.0,1.0,0.0,"üòçOtters are thriving on the Isle of Mull! 
#OurBluePlanet  https://t.co/1CoqKtZA80"
BBC,83,Wed Apr 18 20:54:54 +0000 2018,-0.5574,0.184,0.816,0.0,"TV presenter Dale Winton, who hosted Supermarket Sweep, has died at the age of 62.
üëâ https://t.co/E0TDnKAov5 https://t.co/ccHKCyzdix"
BBC,84,Wed Apr 18 18:03:06 +0000 2018,0.0,0.0,1.0,0.0,‚ù§Ô∏èü¶çBolingo is learning to enhance his mental and physical wellbeing. https://t.co/PCd1vtd9mD
BBC,85,Wed Apr 18 15:59:05 +0000 2018,0.6633,0.0,0.643,0.357,"When the driver just LOVES to chat... üòπ
#Doodlebugs https://t.co/SbINS1YUlI"
BBC,86,Wed Apr 18 15:00:23 +0000 2018,0.0,0.0,1.0,0.0,"From Thailand's Maya Beach to Peru's Machu Picchu, these five destinations are figuring out ways of dealing with th‚Ä¶ https://t.co/CiFe8g2OlM"
BBC,87,Wed Apr 18 13:00:06 +0000 2018,0.6682,0.0,0.817,0.183,Some of the very finest love songs have been written about real people and real relationships. Knowing the story be‚Ä¶ https://t.co/EEIpTu29Ib
BBC,88,Wed Apr 18 11:32:00 +0000 2018,0.0,0.0,1.0,0.0,"üåû Trying to get a tan on your lunch break like... 

#Heatwave https://t.co/z5w7rGgxHE"
BBC,89,Wed Apr 18 11:24:15 +0000 2018,-0.4303,0.11,0.89,0.0,"RT @bbc5live: Nasa astronaut @AstroKarenN went to space when her son was three years old... üë©‚ÄçüöÄ

He's not too impressed by her job though!‚Ä¶"
BBC,90,Wed Apr 18 10:28:05 +0000 2018,0.4939,0.0,0.862,0.138,"RT @BBCLeeds: It's the #European Scooter Riding championships this weekend... üõ¥
 
To find out all about them, @RichardStead is joined by #B‚Ä¶"
BBC,91,Wed Apr 18 10:26:27 +0000 2018,0.7349,0.055,0.732,0.213,"RT @bbcgetinspired: üèãÔ∏è Tom is 86 and has dementia, but he can still lift more than most! And with a little bit of help, his wish came true.‚Ä¶"
BBC,92,Wed Apr 18 10:19:32 +0000 2018,0.3182,0.0,0.897,0.103,"RT @BBCNorthampton: An ancient 'henge' has been discovered near Raunds in Northamptonshire.

It's the remains of a huge ring of stones arou‚Ä¶"
BBC,93,Wed Apr 18 10:07:45 +0000 2018,0.4404,0.0,0.847,0.153,"RT @BBCR1: Is it us or does @LittleMix's Wings sound even better in Japanese...? üòçüáØüáµ

#SLFN https://t.co/mWQ6MiRHM3"
BBC,94,Wed Apr 18 10:00:10 +0000 2018,0.636,0.0,0.834,0.166,"Check out this list of just some of the beautiful @UNESCO sites around the world. 
There are over 1,000 in total!‚Ä¶ https://t.co/1P4b2w9LRp"
BBC,95,Wed Apr 18 09:56:48 +0000 2018,0.4019,0.0,0.886,0.114,RT @BBCClick: See how 3D scanning is being used to help 'preserve' over 25 historical sites from around the world #WorldHeritageDay https:/‚Ä¶
BBC,96,Wed Apr 18 09:52:13 +0000 2018,0.6696,0.0,0.776,0.224,"RT @CBeebiesHQ: We've done it again...ü•Å

Tom Hardy reads The Cloudspotter this evening at 6.50pm. üìñ üòç üåü

You can thank us later! üòâ

#Bedtim‚Ä¶"
BBC,97,Wed Apr 18 09:36:26 +0000 2018,0.0,0.0,1.0,0.0,#TopOfTheShop with @ChefTomKerridge continues at 8pm on @BBCTwo. üßÄ https://t.co/oLEI8I0Ib9
BBC,98,Wed Apr 18 09:33:00 +0000 2018,0.4574,0.0,0.834,0.166,"What a team! üêë ‚ù§Ô∏èÔ∏è With help from Rosie, Pedro makes goat's cheese in his garden. #TopOfTheShop https://t.co/0WjXzIj49L"
BBC,99,Wed Apr 18 09:20:33 +0000 2018,0.4003,0.0,0.87,0.13,"RT @BBCArchive: Attention all #soundeffects enthusiasts!

Over 16,000 classic BBC Archive sound effects and field recordings, from air raid‚Ä¶"
BBC,100,Wed Apr 18 08:53:15 +0000 2018,0.5106,0.0,0.829,0.171,‚ù§Ô∏èü¶ç This mother gorilla showered her baby boy with kisses as soon as he was born. https://t.co/O88T9j69Ga
CBS,1,Sun Apr 22 16:00:03 +0000 2018,0.4019,0.0,0.863,0.137,"The 53rd #ACMawards turned into one big party when @KeithUrban and @juliamichaels performed their upbeat single ""Co‚Ä¶ https://t.co/Q3Zj3EzuNs"
CBS,2,Fri Apr 20 22:00:01 +0000 2018,-0.4019,0.105,0.895,0.0,A blind date was all it took. Learn more about Meghan Markle and her road to royalty from the people who know her b‚Ä¶ https://t.co/fEAMUblPQ4
CBS,3,Fri Apr 20 17:34:37 +0000 2018,0.0,0.0,1.0,0.0,RT @carrieunderwood: ICYMI! Watch Carrie‚Äôs performance of #CryPretty from the #ACMawards below! -TeamCU https://t.co/T9I3ko2xFu
CBS,4,Thu Apr 19 20:00:00 +0000 2018,0.0,0.0,1.0,0.0,There's a new addition to the cast of the upcoming revival of Murphy Brown!  Learn more about Tyne Daly's character‚Ä¶ https://t.co/ijSXSLyDaR
CBS,5,Thu Apr 19 19:00:02 +0000 2018,0.4877,0.0,0.826,0.174,"Country superstar @LukeBryanOnline delivers his moving anthem ""Most People Are Good"" at the 53rd #ACMawards:‚Ä¶ https://t.co/GhhAsEDqmq"
CBS,6,Thu Apr 19 17:08:44 +0000 2018,0.4939,0.0,0.868,0.132,"Coming to CBS All Access June 14, #StrangeAngel is inspired by the real life story of Jack Parsons and explores the‚Ä¶ https://t.co/IsPrXRNXye"
CBS,7,Wed Apr 18 21:00:01 +0000 2018,0.4199,0.0,0.859,0.141,When you realize there are TWO episodes of @CrimMinds_CBS tonight! üëè Who‚Äôs ready for the double-episode season fina‚Ä¶ https://t.co/CWVAHHeIGr
CBS,8,Wed Apr 18 18:57:45 +0000 2018,0.7688,0.0,0.706,0.294,Giving you even more reasons to celebrate! üéâ See which CBS series are back for another year: https://t.co/O2LI0eJXTA https://t.co/H436kL1jSK
CBS,9,Wed Apr 18 17:00:03 +0000 2018,0.5994,0.0,0.804,0.196,"Watch country star @blakeshelton belt out his beautiful ballad ""I Lived It"" at the 53rd #AMCawards:‚Ä¶ https://t.co/w0WRmpQ6fk"
CBS,10,Wed Apr 18 15:14:39 +0000 2018,0.0903,0.125,0.736,0.14,RT @joshgroban: I AM SO HAPPY I COULD CRY BUT ITS MIDNIGHT IN JAPAN SO I WILL SLEEP BUT ‚ÄºÔ∏è‚ÄºÔ∏è‚ÄºÔ∏è‚ÄºÔ∏èüë´üèÜüé≠üò≠üîú #TonyAwards2018 https://t.co/NLss47K6‚Ä¶
CBS,11,Wed Apr 18 15:10:34 +0000 2018,0.0,0.0,1.0,0.0,Broadway stars @SaraBareilles and @joshgroban will host @TheTonyAwards on June 10! Hear how these multi-talented ar‚Ä¶ https://t.co/jy52FKd7t0
CBS,12,Tue Apr 17 00:26:33 +0000 2018,0.0,0.0,1.0,0.0,Can you believe it‚Äôs been 11 years since @taylorswift13‚Äôs first-ever performance at the #ACMawards?! Look back at t‚Ä¶ https://t.co/QHSPuJLLFb
CBS,13,Mon Apr 16 23:00:02 +0000 2018,0.0,0.0,1.0,0.0,Waiting for the @ScorpionCBS season finale to start like‚Ä¶ Tune in at 10/9c! https://t.co/peoDXtO707
CBS,14,Mon Apr 16 17:00:04 +0000 2018,0.0,0.0,1.0,0.0,Cast your vote! #ACMawards https://t.co/57ZN5gr6Y1
CBS,15,Mon Apr 16 16:02:49 +0000 2018,0.2714,0.071,0.806,0.123,RT @CBSTweet: #CBSRatingsNews: #ACMawards Dominate on #CBS.  Over 12 million Total Viewers.  +11% year to year increase!  Biggest audience‚Ä¶
CBS,16,Mon Apr 16 15:00:02 +0000 2018,-0.296,0.167,0.833,0.0,"In case you missed it, watch the entire #ACMawards now: https://t.co/P3pgMJE2oh https://t.co/OOG2R0Mb4J"
CBS,17,Mon Apr 16 06:11:41 +0000 2018,0.5719,0.0,0.821,0.179,Relive a night of all-star country music performances and epic wins at the #ACMawards. Stream the entire show:‚Ä¶ https://t.co/iA3SMVIhpA
CBS,18,Mon Apr 16 06:00:00 +0000 2018,0.765,0.0,0.708,0.292,Multiple ACM Award Winners @KeithUrban and @carrieunderwood just added one more trophy to their collection with the‚Ä¶ https://t.co/rMGCzOeJQK
CBS,19,Mon Apr 16 05:55:00 +0000 2018,0.0,0.0,1.0,0.0,That's a wrap for the 53rd #ACMawards! üé¨ https://t.co/jM0HKud3d6
CBS,20,Mon Apr 16 05:30:00 +0000 2018,0.0,0.0,1.0,0.0,"To all of tonight's nominees, we tip our hats to you! ü§† #ACMawards https://t.co/eytEezfIgS"
CBS,21,Mon Apr 16 05:00:00 +0000 2018,0.636,0.0,0.682,0.318,Retweet if you think @carrieunderwood looks beautiful tonight! #ACMawards https://t.co/sqefiLBcXd
CBS,22,Mon Apr 16 05:00:00 +0000 2018,0.128,0.1,0.776,0.123,"In case you missed any, here's a rundown of all the performers from Country Music's Party of the Year¬Æ:‚Ä¶ https://t.co/KtRKXkUpmI"
CBS,23,Mon Apr 16 03:56:42 +0000 2018,0.5255,0.0,0.841,0.159,The #ACMawards crowd was roaring for Vocal Event Of The Year winners @KeithUrban and @carrieunderwood! Here is the‚Ä¶ https://t.co/rFB5f2lVo7
CBS,24,Mon Apr 16 03:06:10 +0000 2018,0.8392,0.123,0.437,0.44,RT @AmberLee_RN: Anyone else crying from that @Jason_Aldean acceptance speech?! Wow! Congrats Jason! #vegasstrong #ACMawards
CBS,25,Mon Apr 16 03:02:50 +0000 2018,0.4389,0.0,0.792,0.208,"Put your hands up for Entertainer of the Year, @Jason_Aldean! üôå #ACMawards https://t.co/QLFrrsyU8R"
CBS,26,Mon Apr 16 03:00:10 +0000 2018,0.8268,0.0,0.648,0.352,RT @min_d24: Love how @LukeBryanOnline was straight fan girling on @reba and @kelly_clarkson tonight on the #ACMawards! Y'all #killedit
CBS,27,Mon Apr 16 02:58:55 +0000 2018,0.0,0.0,1.0,0.0,"Was that ""A-sharp"" performance by @reba and @kelly_clarkson or what!? üéº #ACMawards https://t.co/19pDyrELqC"
CBS,28,Mon Apr 16 02:57:41 +0000 2018,0.8687,0.0,0.605,0.395,The news keeps getting better and better. @ChrisStapleton deserves a standing ovation tonight! He wins again for Ma‚Ä¶ https://t.co/6m7nZFwPyK
CBS,29,Mon Apr 16 02:35:58 +0000 2018,0.7152,0.0,0.626,0.374,RT @MattBoveHS: Most People Are Good is such a powerful song #ACMawards @LukeBryanOnline
CBS,30,Mon Apr 16 02:26:16 +0000 2018,0.0,0.0,1.0,0.0,We have our #ACMawards Female Vocalist of the Year: @mirandalambert! üëè https://t.co/Xu7WPuv1f2
CBS,31,Mon Apr 16 02:22:40 +0000 2018,0.5106,0.0,0.798,0.202,"Without this talented group of women, @mirandalambert @reba @MarenMorris @KelseaBallerini and @carrieunderwood, lif‚Ä¶ https://t.co/Zwqh2PAdM1"
CBS,32,Mon Apr 16 02:12:19 +0000 2018,0.8877,0.0,0.512,0.488,RT @ElizabethGilbe3: @carrieunderwood never disappoints! What an amazing voice and beautiful soul! #ACMawards #girlcrush
CBS,33,Mon Apr 16 02:10:19 +0000 2018,0.0,0.0,1.0,0.0,RT @SarahJPrimo: I could listen to Dan and Shay all day  #ACMawards
CBS,34,Mon Apr 16 02:10:11 +0000 2018,0.7027,0.0,0.744,0.256,RT @MegsMouthful: @carrieunderwood Just WOW. Can‚Äôt wait to hear more of your new music! #ACMawards
CBS,35,Mon Apr 16 02:10:09 +0000 2018,0.807,0.0,0.641,0.359,Hugs for @CarrieUnderwood and @KeithUrban's big win for Vocal Event of the Year! #ACMawards https://t.co/nn2XJ6nCSi
CBS,36,Mon Apr 16 02:04:45 +0000 2018,0.0,0.0,1.0,0.0,Always be yourself. Unless you can be @carrieunderwood. Then be Carrie Underwood! #ACMawards #CryPretty https://t.co/32n0QJ1FLD
CBS,37,Mon Apr 16 02:02:19 +0000 2018,-0.5423,0.189,0.811,0.0,"RT @VeldmanKylie: Carrie Underwood gives me chills everytime she performs, she always kills it üî•‚ù§ #ACMawards"
CBS,38,Mon Apr 16 01:47:20 +0000 2018,0.0,0.0,1.0,0.0,Hands up for @littlebigtown at the #ACMawardsüôå https://t.co/o8YFtpGLfK
CBS,39,Mon Apr 16 01:47:01 +0000 2018,0.7707,0.0,0.677,0.323,RT @reba: So good to see my friend Eve twice this week! @therealeve @acmawards #acmawards https://t.co/a6LxEaQt8L
CBS,40,Mon Apr 16 01:46:34 +0000 2018,0.5859,0.0,0.759,0.241,See all the amazing red carpet looks from the 53rd #ACMawards: https://t.co/ZeZiMXphFK https://t.co/Gi79cuuVPm
CBS,41,Mon Apr 16 01:41:44 +0000 2018,0.8374,0.0,0.602,0.398,RT @maddymika_: the ACM awards are the BEST night of the year üòçüòçüòç‚ù£Ô∏è‚ù£Ô∏è‚ù£Ô∏è #ACMAwards
CBS,42,Mon Apr 16 01:40:16 +0000 2018,-0.7027,0.368,0.632,0.0,üö® Sound the alarm because @mirandalambert is on FIRE üî• at the #ACMawards! https://t.co/11vshBs4EV
CBS,43,Mon Apr 16 01:36:25 +0000 2018,-0.3254,0.34,0.451,0.209,RT @Skylar_Jean: @mirandalambert can do NO wrong. She is perfection. #ACMawards
CBS,44,Mon Apr 16 01:36:19 +0000 2018,0.4588,0.0,0.769,0.231,RT @EmilyyBruorton: @mirandalambert is my all time favorite üî•#ACMAwards #keeperoftheflame #thebest
CBS,45,Mon Apr 16 01:34:44 +0000 2018,0.0,0.0,1.0,0.0,Hats off to @Jason_Aldean! ü§† #ACMawards https://t.co/1WSjnafKoX
CBS,46,Mon Apr 16 01:33:02 +0000 2018,0.6222,0.0,0.761,0.239,RT @alyssaa711: Country music just brings so much joy to my heart ‚ù§Ô∏è #ACMawards
CBS,47,Mon Apr 16 01:32:27 +0000 2018,0.891,0.075,0.543,0.382,"She may hate love songs, but @KelseaBallerini knows how to write a great one. üíï Give her a round of applause for th‚Ä¶ https://t.co/r50viWNM0Z"
CBS,48,Mon Apr 16 01:29:12 +0000 2018,0.8588,0.0,0.596,0.404,The feeling when you win Vocal Group of the Year at the #ACMawards üéâ Congratulations to @OldDominion! https://t.co/4SjYLtwLXy
CBS,49,Mon Apr 16 01:25:58 +0000 2018,0.0,0.0,1.0,0.0,RT @LouisianaNashie: Way to go Old Dominion #acmawards
CBS,50,Mon Apr 16 01:24:45 +0000 2018,0.4199,0.0,0.843,0.157,There's nothing in the world like that performance by @KeithUrban and @juliamichaels. Nicole Kidman agrees!‚Ä¶ https://t.co/VlwVUkNZCi
CBS,51,Mon Apr 16 01:23:22 +0000 2018,0.8902,0.0,0.654,0.346,RT @AbigailRamage: @reba is slaying the game! Loving her outfits and her puns. She is absolutely stunning!! My all time fave ‚ù§Ô∏è‚ù§Ô∏è #ACMAwards
CBS,52,Mon Apr 16 01:19:11 +0000 2018,0.5994,0.0,0.766,0.234,"First-ever #ACMAwards winner @BrettYoungMusic stuns the crowd with an incredible performance of his hit, ""In Case Y‚Ä¶ https://t.co/ftoksP7HrZ"
CBS,53,Mon Apr 16 01:09:49 +0000 2018,0.7184,0.0,0.625,0.375,RT @tiffstarr16: ACM awards are my favorite time of the yearüòç #ACMawards
CBS,54,Mon Apr 16 01:08:07 +0000 2018,0.0,0.0,1.0,0.0,RT @adelleborchetta: Loooove this song!!! @kanebrown and @Lauren_Alaina #WhatIfs #ACMAwards üòç‚ù§Ô∏èüéâ
CBS,55,Mon Apr 16 01:07:45 +0000 2018,0.0,0.0,1.0,0.0,RT @kel_lee213: That Kane Brown performance üòçü§©üëè #kanebrown #whatif #ACMawards #country
CBS,56,Mon Apr 16 01:06:21 +0000 2018,0.6696,0.0,0.837,0.163,"What if you were made for us, and we were made for you!? ‚ù§Ô∏è How much did you love @kanebrown and @Lauren_Alaina's d‚Ä¶ https://t.co/xiZQ5wgddc"
CBS,57,Mon Apr 16 01:04:17 +0000 2018,0.5255,0.0,0.78,0.22,What a performance! @gwenstefani was all smiles when @blakeshelton was on stage. #ACMawards https://t.co/yxbA1DbieE
CBS,58,Mon Apr 16 01:01:33 +0000 2018,0.6688,0.0,0.572,0.428,RT @wendyjo3: #ACMawards loved that @blakeshelton performance!!
CBS,59,Mon Apr 16 00:58:51 +0000 2018,0.0,0.0,1.0,0.0,"Making her first-ever appearance at the #ACMAwards, @BebeRexha performs her chart-topping collaboration with‚Ä¶ https://t.co/u1KXKrCbdD"
CBS,60,Mon Apr 16 00:51:28 +0000 2018,0.4199,0.0,0.811,0.189,This song by @ladyantebellum sounds like the single for the summer! üé∂ #ACMawards https://t.co/81aj1vqFYh
CBS,61,Mon Apr 16 00:50:09 +0000 2018,0.5719,0.0,0.619,0.381,RT @42nagirl: Lady Antebellum is perfection. #ACMawards
CBS,62,Mon Apr 16 00:47:48 +0000 2018,0.8513,0.0,0.611,0.389,"Hot off the presses! Congratulations on your win and your newborn twins, @ChrisStapleton ! #ACMawards https://t.co/4e9qhxMN69"
CBS,63,Mon Apr 16 00:35:51 +0000 2018,0.857,0.0,0.587,0.413,RT @_miracarrara: #ACMawards I am so happy ‚ÄúTin Man‚Äù won song of the year. amazingüòç@mirandalambert
CBS,64,Mon Apr 16 00:34:38 +0000 2018,0.8118,0.0,0.487,0.513,RT @TheAmelieAnna: Yaaas! @mirandalambert congrats on #Tinman winning! #ACMAwards
CBS,65,Mon Apr 16 00:33:32 +0000 2018,0.8398,0.0,0.579,0.421,Congratulations to @mirandalambert for her #ACMawards win for Song of the Year! https://t.co/pucK1Us49R
CBS,66,Mon Apr 16 00:28:40 +0000 2018,0.4199,0.0,0.811,0.189,Looks like @BebeRexha and @FLAGALine are ‚ÄúMeant To Be‚Äù at the #ACMawards! üé∂ https://t.co/0RvqyJ9geh
CBS,67,Mon Apr 16 00:22:23 +0000 2018,0.8225,0.0,0.678,0.322,RT @AlliCat028: Loving the show so far. @ChrisYoungMusic rocked it and of course @reba is perfect. @ACMawards #ACMAwards
CBS,68,Mon Apr 16 00:20:59 +0000 2018,0.8271,0.0,0.588,0.412,RT if you loved that amazing performance of ‚ÄúRich‚Äù by @MarenMorris üí∏ #ACMawards https://t.co/3FeWpdOSl6
CBS,69,Mon Apr 16 00:09:58 +0000 2018,0.4753,0.0,0.744,0.256,"Give a round of applause for the #ACMawards host, @reba! üëè https://t.co/ilIBWn6VIn"
CBS,70,Mon Apr 16 00:04:04 +0000 2018,0.6369,0.0,0.826,0.174,RT @JustinPlummer15: Laid up in bed with my dog watching the #ACMAwards is the best way to spend Sunday night üëåüèª
CBS,71,Sun Apr 15 23:59:46 +0000 2018,0.6996,0.0,0.721,0.279,Get ready to see your favorite country stars light up the night. The #ACMawards start NOW! https://t.co/SCf66kSWxT
CBS,72,Sun Apr 15 23:30:00 +0000 2018,0.0,0.0,1.0,0.0,Kick your boots off and stream the 53rd #ACMawards in 30 minutes on CBS All Access: https://t.co/sdTTidJYre https://t.co/pyi23nBPSH
CBS,73,Sun Apr 15 22:00:02 +0000 2018,0.5093,0.0,0.87,0.13,Tonight's the night! Tune in at 8/7c to see @reba and all your favorite country artists take Vegas by storm at the‚Ä¶ https://t.co/UlPpES5eN8
CBS,74,Sun Apr 15 21:00:01 +0000 2018,0.1759,0.0,0.922,0.078,The anticipation is real. Just three hours away from the 53rd #ACMawards! Tune in at 8/7c on CBS All Access:‚Ä¶ https://t.co/9os3PJ4pyQ
CBS,75,Sun Apr 15 20:00:01 +0000 2018,0.6369,0.0,0.802,0.198,"Are you ready to party with @dariusrucker in a few hours at the #ACMawards? Watch the show LIVE at 8/7c on CBS, or‚Ä¶ https://t.co/xAGKgZFRoD"
CBS,76,Sun Apr 15 16:00:01 +0000 2018,0.0,0.0,1.0,0.0,Look out for @LukeBryanOnline's performance tonight at the 53rd #ACMawards! https://t.co/dgxgsfj5Hg
CBS,77,Sat Apr 14 23:00:01 +0000 2018,0.34,0.0,0.893,0.107,Are you as excited for the #ACMawards as @KelseaBallerini? This Female Vocalist Of The Year nominee is taking the s‚Ä¶ https://t.co/JSj5jGH25H
CBS,78,Sat Apr 14 20:26:59 +0000 2018,0.0,0.0,1.0,0.0,Watch @Jason_Aldean and @ThomasRhett take a break from rehearsals to spend quality time with Route 91 Survivors.‚Ä¶ https://t.co/TiDfaYxJUm
CBS,79,Sat Apr 14 18:17:12 +0000 2018,0.8402,0.0,0.625,0.375,Country's brightest stars like @ThomasRhett are ready to pour their hearts out during their performances tomorrow n‚Ä¶ https://t.co/m3zOG8M8lw
CBS,80,Sat Apr 14 14:00:00 +0000 2018,0.4574,0.0,0.864,0.136,You‚Äôre invited to Country Music's Party of the Year¬Æ! Here's everything you need to know before watching the 53rd‚Ä¶ https://t.co/Xr4iamFD7t
CBS,81,Fri Apr 13 22:33:38 +0000 2018,0.4003,0.0,0.77,0.23,Get excited! @NCIS_CBS has been renewed for Season 16. https://t.co/JnL0D0vMsV
CBS,82,Fri Apr 13 22:02:29 +0000 2018,0.3612,0.0,0.884,0.116,What goes into putting on an extraordinary show like the 53rd #ACMawards? Head behind the scenes with the executive‚Ä¶ https://t.co/2sFRfYNAku
CBS,83,Fri Apr 13 21:49:53 +0000 2018,0.4939,0.0,0.824,0.176,Enjoy this #FlashbackFriday revisiting @ThomasRhett @KaceyMusgraves and more of country's biggest names for their f‚Ä¶ https://t.co/cnCQBnP1xI
CBS,84,Fri Apr 13 19:54:31 +0000 2018,0.7088,0.0,0.718,0.282,"Host of the 53rd #ACMawards @reba is ready for ""family, friends, and getting together"" this Sunday! https://t.co/y25ZipnL32"
CBS,85,Fri Apr 13 17:46:40 +0000 2018,0.0,0.0,1.0,0.0,It's almost time for Broadway's Biggest Night! @katharinemcphee and @leslieodomjr are set to announce nominations f‚Ä¶ https://t.co/oHbuSD5ijc
CBS,86,Fri Apr 13 16:58:12 +0000 2018,0.0,0.0,1.0,0.0,"In two days, Vocal Group Of The Year nominee @ladyantebellum will be serenading fans from the 53rd #ACMawards stage‚Ä¶ https://t.co/ku9cnef29x"
CBS,87,Thu Apr 12 21:00:00 +0000 2018,0.0,0.0,1.0,0.0,"In just a few days, country superstar @KeithUrban will take center stage with @juliamichaels to perform his new sin‚Ä¶ https://t.co/he6TsePMgA"
CBS,88,Thu Apr 12 19:00:03 +0000 2018,0.4939,0.0,0.873,0.127,Country star @MarenMorris lit up the stage in honor of @eltonofficial and she's about to belt it out again at the 5‚Ä¶ https://t.co/OkGaL9MlB2
CBS,89,Thu Apr 12 18:06:10 +0000 2018,0.4389,0.0,0.855,0.145,"Comedian, actor, and global superstar @KevinHart4real will host CBS‚Äô new TV competition TKO: TOTAL KNOCK OUT! Learn‚Ä¶ https://t.co/0XfMAoakDM"
CBS,90,Thu Apr 12 16:08:57 +0000 2018,0.8442,0.0,0.676,0.324,You may be surprised to learn some of your favorite TV stars have deep southern roots and a love for country music.‚Ä¶ https://t.co/rCoNVI0qeT
CBS,91,Wed Apr 11 23:19:26 +0000 2018,0.0,0.0,1.0,0.0,RT @TheTalkCBS: WATCH: @Reba McEntire AND @kelly_clarkson will be singing a duet together at the #ACMs! Check out which song they chose üëç h‚Ä¶
CBS,92,Wed Apr 11 22:24:38 +0000 2018,0.296,0.0,0.891,0.109,"This Sunday night, @carrieunderwood will be taking the stage to share her soon-to-be-released single live at the 53‚Ä¶ https://t.co/NRS6RAaKZK"
CBS,93,Wed Apr 11 14:58:56 +0000 2018,0.6809,0.213,0.449,0.338,"Pets‚Äîyou can't help but love 'em! Celebrate #NationalPetDay with more sweet, unexpected moments between Frasier and‚Ä¶ https://t.co/o4gNRN42su"
CBS,94,Wed Apr 11 14:07:00 +0000 2018,0.5574,0.0,0.805,0.195,"Today, 53rd #ACMawards host @reba will be answering fan questions when she takes to Facebook Live. Be sure to tune‚Ä¶ https://t.co/vsSjAPFW1Z"
CBS,95,Wed Apr 11 13:35:30 +0000 2018,0.0,0.0,1.0,0.0,"Country stars @JonPardi, @OfficialJackson, and more to perform ""ACM Flashbacks"" at the 53rd #ACMawards. Learn more‚Ä¶ https://t.co/z2KEo3PVUN"
CBS,96,Wed Apr 11 06:04:57 +0000 2018,0.3612,0.0,0.839,0.161,"A superstar like @eltonofficial calls for a spectacular night of unforgettable performances, touching tributes, and‚Ä¶ https://t.co/079TjUD6zh"
CBS,97,Wed Apr 11 02:59:21 +0000 2018,0.0,0.0,1.0,0.0,"For more #EltonSalute GIFs, head over to @GIPHY. https://t.co/OEsSrtq46j"
CBS,98,Wed Apr 11 02:57:55 +0000 2018,0.0,0.0,1.0,0.0,"That's one superstar line-up, and it's all for @eltonofficial. #EltonSalute https://t.co/9XRqj4fzwM"
CBS,99,Wed Apr 11 02:53:37 +0000 2018,0.6369,0.0,0.682,0.318,Can you feel the love tonight for @eltonofficial? #EltonSalute https://t.co/JC22EuW9qY
CBS,100,Wed Apr 11 02:47:45 +0000 2018,0.8074,0.0,0.644,0.356,"A timeless @eltonofficial hit like ""Bennie and the Jets"" just gets better and better every time it's played.‚Ä¶ https://t.co/TiUS8fHYBE"
CNN,1,Mon Apr 23 00:00:07 +0000 2018,-0.5719,0.402,0.598,0.0,Armenian protest leader detained amid mass demonstrations https://t.co/cb4HbVy9Zl https://t.co/0AJvXwUPYD
CNN,2,Sun Apr 22 23:45:08 +0000 2018,0.0258,0.0,0.879,0.121,Mexico and EU reach new trade deal https://t.co/a9XXUGe2OS https://t.co/3R0Mf8wdR6
CNN,3,Sun Apr 22 23:30:09 +0000 2018,0.3182,0.0,0.827,0.173,"Who was Jack Johnson, the boxer President Trump may pardon? https://t.co/wMEG2GSbXJ https://t.co/KkQ6zMCmxS"
CNN,4,Sun Apr 22 23:15:04 +0000 2018,0.2023,0.0,0.878,0.122,"""It's important for democracy."" Denver's mayor sticks up for its local paper https://t.co/Hg8cHVyJ4O https://t.co/2BOdWep6bT"
CNN,5,Sun Apr 22 23:00:12 +0000 2018,0.0,0.0,1.0,0.0,How major companies handle ‚Äî and botch ‚Äî public relations crises https://t.co/XUMeViqXnB https://t.co/8nCZFTE8Be
CNN,6,Sun Apr 22 22:45:05 +0000 2018,-0.25,0.232,0.595,0.173,Summit offers last hope for families divided by Korean War https://t.co/u7VXGIYZNb https://t.co/DJA0NPsMol
CNN,7,Sun Apr 22 22:30:07 +0000 2018,0.2023,0.0,0.886,0.114,"CIA agents in ""about 30 countries"" being tracked by technology, top official says https://t.co/jWaSLevptq https://t.co/kK5PZdX5ny"
CNN,8,Sun Apr 22 22:15:09 +0000 2018,0.0,0.0,1.0,0.0,Take a look at the week in politics https://t.co/uEcOFSUBXH https://t.co/IarIG4ssIc
CNN,9,Sun Apr 22 22:00:07 +0000 2018,0.2023,0.0,0.893,0.107,"China ""welcomes"" US Treasury Secretary Steven Mnuchin's offer to hold trade talks in Beijing https://t.co/tWraHENxyK https://t.co/xhF41zXX2x"
CNN,10,Sun Apr 22 21:45:08 +0000 2018,0.0,0.0,1.0,0.0,These remarks by Trump are almost verbatim to Fox News talking points https://t.co/NH6L6PeF4Z https://t.co/qmoJT60mW9
CNN,11,Sun Apr 22 21:30:13 +0000 2018,-0.5994,0.231,0.769,0.0,Avicii's family arrives in Oman as new details emerge about his death https://t.co/z12U8yRj3l https://t.co/3roBVgy09n
CNN,12,Sun Apr 22 21:15:09 +0000 2018,-0.4767,0.171,0.829,0.0,Waffle House shooter was once arrested by Secret Service for trespassing near White House https://t.co/xr173z415S https://t.co/U4AU4X8yiT
CNN,13,Sun Apr 22 21:00:09 +0000 2018,0.0,0.0,1.0,0.0,This Tennessee neighborhood has had 2 mass shootings in the past 7 months https://t.co/XbcZVR0mhV https://t.co/3HfwoiP9SM
CNN,14,Sun Apr 22 20:45:05 +0000 2018,0.6369,0.0,0.802,0.198,Why 2020 may be former New York City Mayor Michael Bloomberg's best shot at the presidency https://t.co/QwObWq4414 https://t.co/0P9iuSe1gg
CNN,15,Sun Apr 22 20:30:13 +0000 2018,0.0,0.0,1.0,0.0,Michael Jackson's famous moonwalk shoes are going up for auction https://t.co/cCNinaLjAB https://t.co/wLoazXEpvX
CNN,16,Sun Apr 22 20:15:04 +0000 2018,0.4404,0.0,0.838,0.162,"Mitt Romney says he'll make decision on supporting Trump in 2020 ""down the road"" https://t.co/xgegkThQN1 https://t.co/rT9N1qknLX"
CNN,17,Sun Apr 22 20:00:09 +0000 2018,0.0,0.0,1.0,0.0,Colin Kaepernick named Amnesty International Ambassador of Conscience https://t.co/vdKeLy75cc https://t.co/0s0ExWCTJf
CNN,18,Sun Apr 22 19:52:34 +0000 2018,0.7935,0.0,0.765,0.235,"""You don't get to meet too many heroes in life, Mr. Shaw, but you are a hero. You're my hero,"" the CEO of Waffle Ho‚Ä¶ https://t.co/0ZBCbMV3nn"
CNN,19,Sun Apr 22 19:45:03 +0000 2018,-0.6908,0.153,0.847,0.0,"""I kinda made up my mind. ... that if it was gonna come down to it, he was gonna have to work to kill me."" 29-year-‚Ä¶ https://t.co/0waSSUtDvd"
CNN,20,Sun Apr 22 19:30:09 +0000 2018,0.0,0.0,1.0,0.0,EPA chief Scott Pruitt met with lobbyist whose wife rented him a room https://t.co/oArZ6lsxWe https://t.co/z7v61KULoU
CNN,21,Sun Apr 22 19:16:16 +0000 2018,0.7003,0.0,0.756,0.244,Outgoing Tennessee Republican Sen. Bob Corker defends his praise of the Democrat running in the race to replace him‚Ä¶ https://t.co/4sQAFhZLSt
CNN,22,Sun Apr 22 19:00:12 +0000 2018,-0.1027,0.173,0.679,0.148,"Mitt Romney fails to secure Utah GOP nomination, will face primary https://t.co/uPYMXvxV6b https://t.co/4qZN77HHjh"
CNN,23,Sun Apr 22 18:45:07 +0000 2018,0.296,0.0,0.885,0.115,White House legislative affairs director Marc Short says President Trump remains supportive of Scott Pruitt as stor‚Ä¶ https://t.co/C56rBJQ4Dc
CNN,24,Sun Apr 22 18:30:12 +0000 2018,0.0,0.0,1.0,0.0,"""This isn't what I would've expected for an FBI director."" Mitt Romney says some of the disclosures made by former‚Ä¶ https://t.co/ofDolYDdYi"
CNN,25,Sun Apr 22 18:16:23 +0000 2018,-0.4404,0.162,0.751,0.087,"""We are seeing that this administration is the worst for women that I've seen in my lifetime."" Outgoing Planned Par‚Ä¶ https://t.co/hr0ZkOCcys"
CNN,26,Sun Apr 22 18:00:07 +0000 2018,-0.1779,0.195,0.651,0.154,Dear leaders: You've failed your children on climate change https://t.co/ccsx5qC9zw (via @CNNOpinion) https://t.co/1nchuwMtuI
CNN,27,Sun Apr 22 17:45:04 +0000 2018,0.0,0.0,1.0,0.0,"Microplastic pollution is all around us, not just in the oceans https://t.co/O4G0lzfXpF https://t.co/FcQRpbU6y6"
CNN,28,Sun Apr 22 17:30:04 +0000 2018,-0.6486,0.275,0.725,0.0,"Former first lady Barbara Bush‚Äôs funeral brought together approximately 1,500 mourners, including these former and‚Ä¶ https://t.co/nDuZ9lgE6r"
CNN,29,Sun Apr 22 17:16:03 +0000 2018,0.4391,0.0,0.862,0.138,"""The President has made very clear that he thinks this is an overwrought process."" White House counselor Kellyanne‚Ä¶ https://t.co/tQFjK57YpO"
CNN,30,Sun Apr 22 17:00:12 +0000 2018,0.5106,0.0,0.809,0.191,Facebook CEO Mark Zuckerberg survived Congress. Now he has to face Wall Street. https://t.co/7WBhjP5jue https://t.co/jdlVutPVqq
CNN,31,Sun Apr 22 16:45:06 +0000 2018,-0.4588,0.13,0.87,0.0,"President Trump's meeting with North Korean leader Kim Jong Un will lead to an awful hangover, writes Jamie Metzl f‚Ä¶ https://t.co/uTJN0hjE7f"
CNN,32,Sun Apr 22 16:30:08 +0000 2018,0.3182,0.0,0.85,0.15,"5 cool, and not-so-cool things, that have happened since the last Earth Day https://t.co/ahUJeVgHGF https://t.co/4VoBJ0Zu3b"
CNN,33,Sun Apr 22 16:15:03 +0000 2018,0.0,0.0,1.0,0.0,"President Trump says US has not ""given up anything"" in North Korea talks https://t.co/SElTsNZo9m https://t.co/LvnHsRZNAU"
CNN,34,Sun Apr 22 16:00:09 +0000 2018,0.5719,0.0,0.63,0.37,Hero prevented further bloodshed at Tennessee Waffle House https://t.co/xkMenyweMs https://t.co/maU87BaDQz
CNN,35,Sun Apr 22 15:45:06 +0000 2018,-0.7579,0.394,0.606,0.0,How these hurricane-ravaged states have avoided a housing disaster ‚Äî so far https://t.co/Rf5g5vxEoX https://t.co/qybhxthQvz
CNN,36,Sun Apr 22 15:30:29 +0000 2018,-0.1027,0.069,0.931,0.0,The midterm elections will be the first test of whether Republicans will pay a price for the Mitt Romney-like embra‚Ä¶ https://t.co/evxo5aEdro
CNN,37,Sun Apr 22 15:20:25 +0000 2018,0.0,0.0,1.0,0.0,Beyonc√© reigns at Coachella once again https://t.co/JYeR8cs0CB https://t.co/ozRgXkzoMK
CNN,38,Sun Apr 22 15:00:19 +0000 2018,0.0,0.0,1.0,0.0,"Beyonc√© and Kendrick Lamar show what it means to be ""unapologetically black"" https://t.co/nTd2Op5tiy https://t.co/LvvBk8qHaD"
CNN,39,Sun Apr 22 14:50:13 +0000 2018,-0.5423,0.156,0.844,0.0,"Sexual harassment is still happening ""from the boardroom to the assembly line,"" and we can‚Äôt ""rest on our laurels""‚Ä¶ https://t.co/D3Lr5uoMjC"
CNN,40,Sun Apr 22 14:30:08 +0000 2018,0.7906,0.0,0.636,0.364,"Barbara Bush ""was candid and comforting, steadfast and straightforward, honest and loving,"" historian Jon Meacham s‚Ä¶ https://t.co/g6hDwS1tC0"
CNN,41,Sun Apr 22 14:01:02 +0000 2018,-0.6908,0.217,0.783,0.0,"The Bay Area is long overdue for a major earthquake. When it hits, it could kill hundreds. https://t.co/rUird6vDr7 https://t.co/ufCfkef7hB"
CNN,42,Sun Apr 22 13:42:57 +0000 2018,0.4404,0.0,0.861,0.139,"Retiring Republican Sen. Bob Corker of Tennessee says he is supporting the Republican nominee to replace him, Rep.‚Ä¶ https://t.co/UwrrHAsrcS"
CNN,43,Sun Apr 22 13:34:51 +0000 2018,-0.8316,0.317,0.683,0.0,"Sen. Bob Corker on Russia: ""Our relations are at that low point, the lowest since the Cuban Missile Crisis ‚Ä¶ We sho‚Ä¶ https://t.co/pwmU48NPlv"
CNN,44,Sun Apr 22 13:30:02 +0000 2018,-0.5859,0.333,0.538,0.129,At least 10 dead in Nicaragua protests over social security changes https://t.co/eReOZvGmbS https://t.co/TV7Qy2A1Mg
CNN,45,Sun Apr 22 13:30:02 +0000 2018,0.5719,0.0,0.684,0.316,Britain's Queen Elizabeth II celebrates 92nd birthday https://t.co/3eEpJWCGc9 https://t.co/RzYS9EqoLN
CNN,46,Sun Apr 22 13:27:18 +0000 2018,0.34,0.0,0.888,0.112,Chairman of the Senate Foreign Relations Committee Bob Corker says North Korea‚Äôs claim that they are giving up the‚Ä¶ https://t.co/SJKrJTl2qt
CNN,47,Sun Apr 22 13:07:00 +0000 2018,0.0,0.0,1.0,0.0,Counselor to the President Kellyanne Conway: ‚ÄúI‚Äôm telling you that the President‚Äôs concern has been for Michael Coh‚Ä¶ https://t.co/FR48fFTHiX
CNN,48,Sun Apr 22 13:01:05 +0000 2018,0.296,0.0,0.833,0.167,Exclusive: Ads from over 300 companies and organizations ‚Äî from Adidas to Amazon ‚Äî ran on YouTube channels promotin‚Ä¶ https://t.co/mnZzr6VYyl
CNN,49,Sun Apr 22 12:30:06 +0000 2018,-0.3612,0.122,0.878,0.0,"Former first lady Barbara Bush's casket, carried by 8 grandsons, leaves her funeral in Houston, Texas, as her husba‚Ä¶ https://t.co/TGxqunYbWP"
CNN,50,Sun Apr 22 12:01:06 +0000 2018,0.3182,0.0,0.881,0.119,"A new study claims that Hans Asperger, the physician for whom Asperger's syndrome was named, actively cooperated wi‚Ä¶ https://t.co/HN6y8PZk6u"
CNN,51,Sun Apr 22 11:30:36 +0000 2018,-0.6486,0.17,0.83,0.0,"Avicii songs ring out from this Dutch town's bell tower as a tribute to the Swedish artist, who was found dead Frid‚Ä¶ https://t.co/mcWnvfWa7m"
CNN,52,Sun Apr 22 11:01:02 +0000 2018,-0.2732,0.091,0.909,0.0,A victim of the Parkland massacre used to call his mom every day. Now she hears from a student her son helped save‚Ä¶ https://t.co/KCMGBajDrw
CNN,53,Sun Apr 22 10:56:37 +0000 2018,-0.6705,0.209,0.791,0.0,"Three people were killed and four were wounded in a shooting at a Waffle House near Nashville, police say‚Ä¶ https://t.co/Q9k4pbEEsj"
CNN,54,Sun Apr 22 10:30:06 +0000 2018,0.34,0.135,0.639,0.226,"Verne Troyer, the actor best known for playing Mini-Me in the Austin Powers films, has died. He was 49.‚Ä¶ https://t.co/POGH4M1JKn"
CNN,55,Sun Apr 22 10:01:08 +0000 2018,0.0,0.0,1.0,0.0,Even one drink a day could be shortening your life expectancy https://t.co/LFu3WiGjo3 https://t.co/mdBcbYcHXx
CNN,56,Sun Apr 22 09:31:07 +0000 2018,0.0,0.0,1.0,0.0,"""Police dogs are overdosing on new narcotics they sniff out in the line of duty. ... We owe them so much more, incl‚Ä¶ https://t.co/WoOSEPQoOg"
CNN,57,Sun Apr 22 09:01:03 +0000 2018,0.9451,0.0,0.528,0.472,"""I love you, precious, with all my heart"": Read the heartwarming love letter George H.W. Bush sent to Barbara Bush‚Ä¶ https://t.co/8rizUjGIq9"
CNN,58,Sun Apr 22 08:35:54 +0000 2018,-0.875,0.333,0.667,0.0,"A suicide blast killed at least 12 people and wounded dozens more Sunday at a voter registration center in Kabul, A‚Ä¶ https://t.co/YGy5gd2XJJ"
CNN,59,Sun Apr 22 08:31:00 +0000 2018,-0.34,0.112,0.888,0.0,"Arcade Fire, Sampha and '80s group A-ha have all made their way to this remote Norwegian island. Here's why‚Ä¶ https://t.co/gF3KEyz3np"
CNN,60,Sun Apr 22 08:30:25 +0000 2018,0.0,0.0,1.0,0.0,"This 7-year-old girl was the only student at an Alexandria, Virginia, elementary school to participate when student‚Ä¶ https://t.co/g53x2FfbQB"
CNN,61,Sun Apr 22 08:01:02 +0000 2018,0.0,0.0,1.0,0.0,What happens to planes when they retire? https://t.co/bLaOXpQxNB https://t.co/J5NqwTrNfB
CNN,62,Sun Apr 22 07:41:01 +0000 2018,-0.7964,0.353,0.647,0.0,"California man fatally stabbed while dining with his daughter on his lap, police say https://t.co/vSjzRiTJIP"
CNN,63,Sun Apr 22 07:31:00 +0000 2018,0.0772,0.0,0.942,0.058,Want to live out your Game of Thrones fantasies? This is the Snow Wall Walk -- a corridor in Japan featuring walls‚Ä¶ https://t.co/byzSrrSkby
CNN,64,Sun Apr 22 07:30:07 +0000 2018,0.0,0.0,1.0,0.0,Here's the rundown for all new episodes of Anthony Bourdain #PartsUnknown! We‚Äôre kicking things off in the heart of‚Ä¶ https://t.co/ubw8Y7miLX
CNN,65,Sun Apr 22 07:01:04 +0000 2018,0.3818,0.055,0.827,0.118,"""She has nerves of steel. That lady, I applaud her. I'm going to send her a Christmas card, I'm going to tell you t‚Ä¶ https://t.co/0FHX3cPGwm"
CNN,66,Sun Apr 22 06:31:01 +0000 2018,-0.0516,0.179,0.655,0.167,China is beating the United States in the race for 5G https://t.co/DoGGX1sZ9X https://t.co/10SIgJA8Jq
CNN,67,Sun Apr 22 06:01:05 +0000 2018,0.0,0.0,1.0,0.0,"A surgical hole has been found in a Stone Age cow skull, researchers say https://t.co/z9epofmFkv https://t.co/Yk3eH33ZSx"
CNN,68,Sun Apr 22 05:31:06 +0000 2018,-0.4404,0.139,0.861,0.0,"Tired of waiting for electricity in Puerto Rico, this man decided to build his own solar power system‚Ä¶ https://t.co/C3KJgebsmo"
CNN,69,Sun Apr 22 05:01:04 +0000 2018,0.0,0.0,1.0,0.0,"Kendrick Lamar's Pulitzer is a thumb in the eye of President Trump, writes Clay Cane for @CNNOpinion‚Ä¶ https://t.co/2Gbkh0uneR"
CNN,70,Sun Apr 22 04:31:02 +0000 2018,0.296,0.0,0.864,0.136,A 13-year-old boy has helped unearth treasure of a 10th century Danish king https://t.co/oeJ7aFw2kX via @CNNStyle https://t.co/TfFwzlroYK
CNN,71,Sun Apr 22 04:01:07 +0000 2018,0.4468,0.102,0.676,0.221,We shouldn't be surprised that Southwest's hero pilot is a woman | @CNNOpinion https://t.co/3DTDd4bPVL https://t.co/8m5HFRaLSs
CNN,72,Sun Apr 22 03:30:12 +0000 2018,0.4939,0.0,0.738,0.262,How Barbara Bush tried to save Jeb's campaign https://t.co/xYNB0xmxth https://t.co/wHdfmKDgen
CNN,73,Sun Apr 22 03:00:06 +0000 2018,-0.5574,0.247,0.753,0.0,Deputy who shot unarmed black man in Houston is fired https://t.co/vxHpZ7sgMF https://t.co/g26Z3mlIwC
CNN,74,Sun Apr 22 02:30:07 +0000 2018,-0.5423,0.2,0.8,0.0,Al Franken to make first public appearance since leaving Senate over sexual harassment allegations‚Ä¶ https://t.co/twEGzNeiW2
CNN,75,Sun Apr 22 02:00:11 +0000 2018,0.0,0.0,1.0,0.0,Universal SIM card rollout faces another hurdle https://t.co/xWgv4i25hx https://t.co/GEAVOueh6X
CNN,76,Sun Apr 22 01:30:09 +0000 2018,-0.8225,0.458,0.542,0.0,Red Cross employee killed in an attack in Yemen https://t.co/pEersSa7Fw https://t.co/SOu2W0SZ3k
CNN,77,Sun Apr 22 01:00:10 +0000 2018,-0.5994,0.259,0.741,0.0,President Trump mocks Democrats for their lawsuit against his presidential campaign and suggests Republicans could‚Ä¶ https://t.co/j3vkFigyNK
CNN,78,Sun Apr 22 00:30:03 +0000 2018,0.3182,0.0,0.796,0.204,President Trump considering pardon for boxer Jack Johnson https://t.co/Vxf9PpJzIv https://t.co/mbbMyyrWOM
CNN,79,Sun Apr 22 00:22:04 +0000 2018,-0.1548,0.143,0.735,0.121,"""I'm so grateful I got to know Prince- the man, the mentor, the big brother"": Two years after the singer's death, a‚Ä¶ https://t.co/7A9iJVLHh7"
CNN,80,Sun Apr 22 00:00:04 +0000 2018,0.0,0.0,1.0,0.0,EPA chief Scott Pruitt purchased a house in 2003 from a retiring lobbyist through a shell company registered to a b‚Ä¶ https://t.co/cBBt4gq7lw
CNN,81,Sat Apr 21 23:52:02 +0000 2018,-0.6249,0.186,0.814,0.0,"""This administration is the worst for women that I've seen in my lifetime,"" Planned Parenthood President Cecile Ric‚Ä¶ https://t.co/6ITHDO2SOh"
CNN,82,Sat Apr 21 23:40:06 +0000 2018,0.5267,0.0,0.855,0.145,"""If Trump fires Mueller that is obstruction of justice and to my mind that is an impeachable offense,"" Sen. Bernie‚Ä¶ https://t.co/0ZNsQSiEqC"
CNN,83,Sat Apr 21 23:36:00 +0000 2018,0.0,0.0,1.0,0.0,"Sen. Bernie Sanders slams Trump's treatment of Dreamers: ""We have this guy in the White House right now who wants t‚Ä¶ https://t.co/TdnzVgsKUn"
CNN,84,Sat Apr 21 23:30:12 +0000 2018,-0.765,0.452,0.548,0.0,Syracuse University expels fraternity involved in racist video https://t.co/A4Pc2rhBBO https://t.co/VdbuLOl85M
CNN,85,Sat Apr 21 23:21:36 +0000 2018,-0.3182,0.198,0.7,0.103,"""Money was always a struggle ... I never forgot what it was like to be in a family that struggles financially,"" Sen‚Ä¶ https://t.co/21DvvCBipj"
CNN,86,Sat Apr 21 23:00:47 +0000 2018,0.0,0.0,1.0,0.0,Marriage is such a big issue in China that parents can resort to extreme measures to find their children a spouse.‚Ä¶ https://t.co/BwGsOkBJFR
CNN,87,Sat Apr 21 22:30:09 +0000 2018,0.0,0.0,1.0,0.0,"House Majority Whip Steve Scalise released from hospital after ""successful"" surgery https://t.co/9t9tuZy0a0 https://t.co/dS4UBPqz9M"
CNN,88,Sat Apr 21 22:00:57 +0000 2018,0.0,0.0,1.0,0.0,"This 7-year-old girl was the only student at an Alexandria, Virginia, elementary school to participate when student‚Ä¶ https://t.co/BE6sLBdtvJ"
CNN,89,Sat Apr 21 21:46:23 +0000 2018,0.0,0.0,1.0,0.0,"First lady Melania Trump is planning a state dinner for French President Emmanuel Macron and his wife, Brigitte. Fr‚Ä¶ https://t.co/3reSh2LcGU"
CNN,90,Sat Apr 21 21:45:04 +0000 2018,-0.6124,0.312,0.688,0.0,Inspectors visit site of suspected chemical attack in Syria after delays https://t.co/fAYn0PhW8S https://t.co/MY4lExBxh1
CNN,91,Sat Apr 21 21:34:35 +0000 2018,0.0,0.0,1.0,0.0,"First lady Melania Trump is planning a state dinner for French President Emmanuel Macron and his wife, Brigitte. Fr‚Ä¶ https://t.co/eSp1Xl8xaD"
CNN,92,Sat Apr 21 21:30:08 +0000 2018,0.2023,0.0,0.859,0.141,Treasury Secretary Steven Mnuchin meets with Russian counterpart on sanctions https://t.co/bK6ks4HBd9 https://t.co/gUHHeE3EWf
CNN,93,Sat Apr 21 21:15:06 +0000 2018,0.0,0.0,1.0,0.0,"First lady Melania Trump is planning a state dinner for French President Emmanuel Macron and his wife, Brigitte. Fr‚Ä¶ https://t.co/LUrymdRCh3"
CNN,94,Sat Apr 21 21:03:33 +0000 2018,0.34,0.135,0.639,0.226,"Verne Troyer, the actor best known for playing Mini-Me in the Austin Powers films, has died. He was 49.‚Ä¶ https://t.co/1i2jH7sjNp"
CNN,95,Sat Apr 21 20:53:06 +0000 2018,0.5994,0.0,0.754,0.246,Join @VanJones68 and special guests Senator Bernie Sanders and Planned Parenthood's Cecile Richards tonight at 7 p.‚Ä¶ https://t.co/mbZSXeZqvJ
CNN,96,Sat Apr 21 20:45:03 +0000 2018,0.0,0.0,1.0,0.0,Melania Trump's East Wing team prepares for a major diplomatic moment https://t.co/chrRX4vQBL https://t.co/umb2cGlV4v
CNN,97,Sat Apr 21 20:40:01 +0000 2018,-0.6486,0.17,0.83,0.0,"Avicii songs ring out from this Dutch town's bell tower as a tribute to the Swedish artist, who was found dead Frid‚Ä¶ https://t.co/UMpPz55mVR"
CNN,98,Sat Apr 21 20:22:03 +0000 2018,0.0,0.0,1.0,0.0,NAACP slams Alabama governor's campaign ad about law protecting Confederate monuments https://t.co/jOXKLJ6z7v https://t.co/QxhQjFqVsf
CNN,99,Sat Apr 21 20:21:02 +0000 2018,0.5267,0.0,0.761,0.239,"DJ Kygo calls Avicii ""a true musical genius"" in emotional Coachella tribute https://t.co/tMfSZBowPg (Corrects previ‚Ä¶ https://t.co/qOPQrcIhbt"
CNN,100,Sat Apr 21 20:18:35 +0000 2018,-0.3612,0.122,0.878,0.0,The funeral motorcade for former first lady Barbara Bush arrives at the George Bush Presidential Library and Museum‚Ä¶ https://t.co/4UspKpf47H
Fox,1,Sun Apr 22 06:44:56 +0000 2018,0.0,0.0,1.0,0.0,RT @kf: apparently @eventbrite claims the right to show up to any events you run through their service unannounced and film attendees witho‚Ä¶
Fox,2,Sun Apr 22 06:36:27 +0000 2018,0.2023,0.0,0.924,0.076,"RT @cczona: ‚ö†Ô∏è Urgent: Everyone who organises, sponsors, hosts, or attends any event listed on Eventbrite needs to read this thread. ‚ö†Ô∏è

Ev‚Ä¶"
Fox,3,Sun Apr 22 05:32:20 +0000 2018,-0.3612,0.278,0.549,0.173,"Solely based on this I would discourage event organisers from using @eventbrite. Horrendous.

Great alternative we‚Äô‚Ä¶ https://t.co/nD1jxj42Bd"
Fox,4,Sun Apr 22 01:24:44 +0000 2018,0.0,0.0,1.0,0.0,Nope. https://t.co/FM45l50hOK
Fox,5,Sat Apr 21 08:51:33 +0000 2018,0.2675,0.097,0.76,0.143,I could not have said this better. It‚Äôs been an ongoing theme with everyone who disagrees with my inclusion advocac‚Ä¶ https://t.co/XUmV6zOEFQ
Fox,6,Sat Apr 21 08:47:25 +0000 2018,0.0,0.0,1.0,0.0,@LEAHisKNOBLER @helpscout üëã¬†https://t.co/vpKnUBFOpJ
Fox,7,Sat Apr 21 01:52:15 +0000 2018,0.4019,0.084,0.728,0.188,RT @mjmichellekim: This tweet led to multiple men speakers pulling out of the conference in solidarity. Hopefully this puts pressure on the‚Ä¶
Fox,8,Sat Apr 21 01:47:38 +0000 2018,0.8832,0.0,0.576,0.424,"@mjmichellekim Ah, that‚Äôs great, I haven‚Äôt seen it! Funnily enough, I‚Äôm writing about this for events too :)"
Fox,9,Sat Apr 21 01:44:43 +0000 2018,0.8748,0.0,0.524,0.476,"@Mandy_Kerr oh wow, thank you, Mandy. üíñ  That‚Äôs very kind and means a lot to me."
Fox,10,Sat Apr 21 01:42:15 +0000 2018,0.8519,0.0,0.646,0.354,@mjmichellekim It was good to see some solidarity and practised allyship rather than just talk. üôèüèª I would love for‚Ä¶ https://t.co/OBR2II7h9Y
Fox,11,Sat Apr 21 00:51:21 +0000 2018,-0.34,0.186,0.72,0.095,@bitprophet obligatory reminder that the speakers agree to be a part of an exclusionary lineup and seem to have no problem with that.
Fox,12,Sat Apr 21 00:11:48 +0000 2018,0.5994,0.0,0.813,0.187,"Congratulations on an all-male lineup of 22 speakers, @uapycon.

Is this what the @pycon community stands for?

https://t.co/5VG6HJtTX7"
Fox,13,Sat Apr 21 00:09:41 +0000 2018,0.4939,0.0,0.868,0.132,@mariatta I just looked up all PyCon events and from the list of locations it was pretty obvious which one it was.‚Ä¶ https://t.co/r3goFyNzrF
Fox,14,Sat Apr 21 00:08:24 +0000 2018,-0.2033,0.123,0.877,0.0,RT @mariatta: Why is this still happening? I don't want to hear invalid excuses. I want accountability. What have you tried? Did you reach‚Ä¶
Fox,15,Fri Apr 20 09:32:19 +0000 2018,-0.296,0.115,0.885,0.0,A lot of people are used to un-checking pre-selected checkboxes when purchasing items online to avoid getting spamm‚Ä¶ https://t.co/5PgmkkuNOm
Fox,16,Fri Apr 20 08:26:17 +0000 2018,0.7564,0.0,0.706,0.294,"RT @TheAmyCode: You really wanna help me? Sure.
- share my content
- refer me to conference organizers
- refer me to organizations willing‚Ä¶"
Fox,17,Fri Apr 20 08:23:36 +0000 2018,0.0,0.0,1.0,0.0,@LJKenward @levelsconf @LukeMesiti üíòüôáüèª‚Äç‚ôÄÔ∏è‚ú®
Fox,18,Fri Apr 20 07:16:12 +0000 2018,0.7778,0.0,0.726,0.274,I‚Äôm so happy that our inclusion work is inspiring other organisers. @levelsconf hasn‚Äôt even run yet and they‚Äôre alr‚Ä¶ https://t.co/IbofdbrokR
Fox,19,Fri Apr 20 06:06:19 +0000 2018,-0.5563,0.174,0.826,0.0,@lachlanhardy @dgoodlad @benschwarz I think the most disturbing part was calling newborn babies of employees Envatians. Creepy and culty.
Fox,20,Fri Apr 20 03:22:12 +0000 2018,0.0,0.0,1.0,0.0,@lachlanhardy @Medium üòÇüëΩ
Fox,21,Fri Apr 20 03:08:53 +0000 2018,0.0,0.0,1.0,0.0,"RT @levelsconf: We've published our current stats for diversity üìä

With 4Ô∏è‚É£ days to go to submit a talk, 37% of people submitted identify a‚Ä¶"
Fox,22,Fri Apr 20 03:08:25 +0000 2018,0.5256,0.0,0.855,0.145,RT @KateKendall: Had a tour of @lumineeracademy school in Williamstown this morning and very impressed with the future of education on disp‚Ä¶
Fox,23,Fri Apr 20 00:01:52 +0000 2018,0.7103,0.0,0.753,0.247,Thank you for the shout out! We‚Äôre so excited to be empowering organizations to automate performance tracking and b‚Ä¶ https://t.co/ieoCvAl4Ua
Fox,24,Thu Apr 19 23:50:09 +0000 2018,0.128,0.0,0.923,0.077,RT @eveewing: what we refer to as white feminism might in fact more accurately be called white supremacist feminism.
Fox,25,Thu Apr 19 23:21:48 +0000 2018,0.4754,0.0,0.838,0.162,"RT @Real_CSS_Tricks: Introducing Calibre CLI :: https://t.co/FD80kFlAOy

(@Calibreapp is a performance testing tool with a very nice web ap‚Ä¶"
Fox,26,Thu Apr 19 10:47:53 +0000 2018,0.7351,0.0,0.617,0.383,"@janl Hope he has fun at manconf, because the reckoning is coming. üòé"
Fox,27,Thu Apr 19 02:27:09 +0000 2018,0.296,0.0,0.909,0.091,RT @KimCrayton1: I‚Äôve talked a lot about this because most CoC are reactionary and do little in the way of actually creating an environment‚Ä¶
Fox,28,Thu Apr 19 01:39:36 +0000 2018,-0.7568,0.419,0.581,0.0,"@cathjones0 unconscious bias training!!

(I‚Äôm making this bullshit bingo. I have to.)"
Fox,29,Thu Apr 19 01:38:26 +0000 2018,0.0,0.0,1.0,0.0,"Quite frequently I wonder what my mental runway for tech is. 

Especially when I read emails from fellow members of‚Ä¶ https://t.co/Ohf3b78OHk"
Fox,30,Thu Apr 19 01:31:29 +0000 2018,0.0,0.0,1.0,0.0,RT @eveewing: ‚Äúwhite feminism‚Äù isn‚Äôt simply about being white &amp; identifying as feminist. It‚Äôs an ideology that professes to be ‚Äúfeminism‚Äù b‚Ä¶
Fox,31,Thu Apr 19 01:09:08 +0000 2018,-0.4215,0.128,0.872,0.0,"We are at the point where most conference organisers have learned a Code of Conduct is a must-have. Sadly, this has‚Ä¶ https://t.co/frNvLZ5Gkw"
Fox,32,Wed Apr 18 23:44:06 +0000 2018,0.8428,0.0,0.686,0.314,"RT @_raven_io: If you truly want to be an ally, you shouldn't ask a marginalized person to do more work to help you become better. Allies n‚Ä¶"
Fox,33,Wed Apr 18 23:39:18 +0000 2018,0.4215,0.0,0.568,0.432,Mandatory read: white privilege at work. https://t.co/t66t9Rhyh2
Fox,34,Wed Apr 18 22:26:02 +0000 2018,0.4019,0.0,0.816,0.184,"@OphelieLechat Oh yes, I do need some recommendations other than Asos and Everlane. üôáüèª‚Äç‚ôÄÔ∏è"
Fox,35,Wed Apr 18 21:40:22 +0000 2018,0.4404,0.0,0.873,0.127,"Slack has 34% women in technical roles, 48% in management and 30% in leadership. Much better stats that other tech‚Ä¶ https://t.co/PaPxKoxv2S"
Fox,36,Wed Apr 18 08:20:51 +0000 2018,0.0,0.0,1.0,0.0,@sophiebits Writing is one of the hardest skills that takes years of practice to hone. ‚ù§Ô∏è
Fox,37,Wed Apr 18 08:20:16 +0000 2018,0.0516,0.153,0.719,0.128,"RT @sophiebits: I used to think I was bad at writing because it was hard work and took me a lot of iteration to get to something great.

No‚Ä¶"
Fox,38,Wed Apr 18 07:13:56 +0000 2018,0.0,0.0,1.0,0.0,"@Lady_Ada_King @rem It‚Äôs still possible to run inclusive events with largely male teams, however I approach it very‚Ä¶ https://t.co/DVbpvMTOEw"
Fox,39,Wed Apr 18 06:55:13 +0000 2018,0.7003,0.0,0.734,0.266,"@rem Good rule of thumb; the more transparency and information the event provides, the better. (Organizing committe‚Ä¶ https://t.co/WH43Uc1rCI"
Fox,40,Wed Apr 18 06:48:17 +0000 2018,0.0772,0.0,0.936,0.064,@rem For me it‚Äôs essential in determining the approach to diversity and inclusion. I want to see the organizing com‚Ä¶ https://t.co/uOoxbGWfdF
Fox,41,Wed Apr 18 06:14:16 +0000 2018,-0.5789,0.205,0.735,0.06,"RT @janeruffino: Whoa. Ugh. Not surprising but holy crap. Being underpaid and surveilled, using a tool that can‚Äôt capture a lot of the real‚Ä¶"
Fox,42,Wed Apr 18 06:13:58 +0000 2018,0.4019,0.0,0.891,0.109,"RT @LJKenward: When companies approach me to help them find a female developer (for free), is an appropriate response: 

Tell me what you d‚Ä¶"
Fox,43,Wed Apr 18 06:13:42 +0000 2018,0.0,0.0,1.0,0.0,RT @patriciarealini: üï∫üèΩ‚ú® OH HI IT'S ME ‚ú®üï∫üèΩ https://t.co/t6q9vkjJO2
Fox,44,Wed Apr 18 02:37:05 +0000 2018,0.5994,0.0,0.811,0.189,I find so many learnings about remote work in this thread true for myself as well. ‚ù§Ô∏è Been remote for 8+ years and‚Ä¶ https://t.co/tgWJK4hDm0
Fox,45,Tue Apr 17 23:36:22 +0000 2018,-0.1027,0.076,0.924,0.0,@mjmichellekim 100% right. so many companies hire consultants to run an unconscious bias training and think they‚Äôre‚Ä¶ https://t.co/mwlg8J9WAy
Fox,46,Tue Apr 17 23:29:54 +0000 2018,-0.3612,0.308,0.533,0.16,@mjmichellekim Unconscious bias should definitely go into diversity and inclusion bullshit bingo.
Fox,47,Tue Apr 17 21:30:44 +0000 2018,0.0,0.0,1.0,0.0,"We‚Äôve also open sourced the CLI client! ‚ù§Ô∏è 

Find the source code, features and examples of pulling performance dat‚Ä¶ https://t.co/CZvB8FfcNA"
Fox,48,Tue Apr 17 21:25:47 +0000 2018,-0.1341,0.133,0.76,0.106,"ICYMI: we‚Äôve released @calibreapp command line interface!

That means it‚Äôs never been easier to create automations‚Ä¶ https://t.co/JMDu3gZrIN"
Fox,49,Tue Apr 17 20:28:16 +0000 2018,0.6808,0.0,0.68,0.32,"RT @fox: Excited to share a big step towards a comprehensive performance system‚Äî@calibreapp CLI empowers to:

‚Üí export performance metrics‚Ä¶"
Fox,50,Tue Apr 17 08:59:15 +0000 2018,0.6249,0.0,0.806,0.194,A great post on the diversity of tech events and the implications behind calling out exclusionary events. üëèüèª‚Ä¶ https://t.co/1I5ltYozQ5
Fox,51,Tue Apr 17 08:56:19 +0000 2018,0.4199,0.0,0.518,0.482,@karlbright üôèüèª thank you!
Fox,52,Tue Apr 17 08:53:42 +0000 2018,0.0,0.0,1.0,0.0,"Look at me, trying to use Product Hunt. ü§î https://t.co/P4gc0wknJh"
Fox,53,Tue Apr 17 08:38:08 +0000 2018,0.6124,0.0,0.762,0.238,This release empowers developers to create better automation processes for performance and all team members to have‚Ä¶ https://t.co/DTZkW2fQx5
Fox,54,Tue Apr 17 08:36:13 +0000 2018,0.6808,0.0,0.645,0.355,"Excited to share a big step towards a comprehensive performance system‚Äî@calibreapp CLI empowers to:

‚Üí export perfo‚Ä¶ https://t.co/KgoFyjChN9"
Fox,55,Tue Apr 17 07:58:01 +0000 2018,0.0,0.0,1.0,0.0,"RT @Calibreapp: Introducing CLI

‚Ä¢ Retrieve performance metrics from Calibre in a single command
‚Ä¢ Run Snapshots after deployment
‚Ä¢ Add per‚Ä¶"
Fox,56,Tue Apr 17 06:03:40 +0000 2018,0.5023,0.0,0.817,0.183,I love how Apple makes sure all of their product names are capitalized properly on iOS with autocorrect but yet low‚Ä¶ https://t.co/ry4ZPBUrQ6
Fox,57,Tue Apr 17 05:06:36 +0000 2018,0.807,0.0,0.687,0.313,I had a pleasure of working with @HenrikJoreteg and he‚Äôs one of the most talented and emphatic JavaScript developer‚Ä¶ https://t.co/GrVA1QeC53
Fox,58,Tue Apr 17 05:03:37 +0000 2018,0.0,0.0,1.0,0.0,"@noopkat it me. same with early flights. or any flights, actually."
Fox,59,Tue Apr 17 04:49:49 +0000 2018,0.0,0.0,1.0,0.0,@hypatiadotca I can‚Äôt wait to see what you do! ‚ô•Ô∏è
Fox,60,Tue Apr 17 04:49:05 +0000 2018,0.0,0.0,1.0,0.0,RT @hypatiadotca: My new thing is going to be doing the thing I‚Äôve wanted to do for years: building tools and services for people facing on‚Ä¶
Fox,61,Tue Apr 17 01:57:46 +0000 2018,0.7145,0.0,0.649,0.351,I see you @rem! Thank you so much for supporting my efforts. üíêüò≠ https://t.co/Yuj3d3QRNZ
Fox,62,Tue Apr 17 01:19:16 +0000 2018,0.0,0.0,1.0,0.0,"@cramforce @amyngyn I‚Äôm going to get on writing this document in 3..2..1‚Ä¶

ü§ì"
Fox,63,Tue Apr 17 01:09:02 +0000 2018,0.4939,0.0,0.769,0.231,"@amyngyn That being said, we want to significantly improve governance and transparency across JS/CSSConf worldwide‚Ä¶ https://t.co/FP8zox5cdb"
Fox,64,Tue Apr 17 01:08:04 +0000 2018,0.9061,0.0,0.586,0.414,"Been using @Breaker for podcasts recently and I must say is so well designed! A delight to use. 

Great work‚Ä¶ https://t.co/dynwAdxoX6"
Fox,65,Tue Apr 17 01:05:25 +0000 2018,0.5994,0.07,0.703,0.227,"@cabel I also love how it‚Äôs never just ‚Äúhaha‚Äù, it‚Äôs the text version of a maniacal cackle."
Fox,66,Tue Apr 17 01:03:58 +0000 2018,0.4836,0.0,0.888,0.112,RT @levelsconf: üë©‚Äçüç≥ Do you cook up some code? üïµÔ∏è Investigate the mysteries of the web? üë©‚Äçüåæ Plant the seeds of growth for others? üë®‚Äçüé® Create‚Ä¶
Fox,67,Tue Apr 17 00:51:59 +0000 2018,0.4939,0.089,0.691,0.22,@amyngyn I‚Äôm afraid there‚Äôs no list of good events that I know of. I always recommend based on knowing the organise‚Ä¶ https://t.co/OoUYOycT0W
Fox,68,Tue Apr 17 00:33:32 +0000 2018,0.0,0.0,1.0,0.0,"@nebrius @erikiva I do a few things, but lapsed a bit with some habits:

- meditation
- yoga class 2-3 times a week‚Ä¶ https://t.co/6onj2YmP3U"
Fox,69,Tue Apr 17 00:32:02 +0000 2018,0.0,0.0,1.0,0.0,@ingridepure üíê
Fox,70,Tue Apr 17 00:31:47 +0000 2018,0.4199,0.0,0.782,0.218,"@danmedcraft thank you, Dan! That‚Äôs very kind of you to say."
Fox,71,Tue Apr 17 00:28:58 +0000 2018,0.5106,0.0,0.83,0.17,"RT @amyngyn: what are your favorite resources for finding conferences to speak at?

to rephrase, if i want to find conferences in [tech are‚Ä¶"
Fox,72,Mon Apr 16 23:33:38 +0000 2018,-0.4404,0.209,0.791,0.0,@_daniel_tweets That sounds familiar. I get it mostly in the mornings too. :(
Fox,73,Mon Apr 16 23:29:42 +0000 2018,-0.5927,0.228,0.772,0.0,@nebrius I‚Äôve been trying but I‚Äôm afraid my usual routine isn‚Äôt working anymore. :(
Fox,74,Mon Apr 16 23:28:52 +0000 2018,0.4199,0.0,0.417,0.583,@oinopion Thank you! üëª üå∏
Fox,75,Mon Apr 16 23:18:16 +0000 2018,0.0,0.0,1.0,0.0,@MelissaKaulfuss The Go! Team.
Fox,76,Mon Apr 16 23:17:40 +0000 2018,0.4574,0.0,0.626,0.374,@patriciarealini I wish I could do more! üò≠‚ú®
Fox,77,Mon Apr 16 23:17:14 +0000 2018,0.5859,0.0,0.798,0.202,My Patreon gave me a lot of support to create materials on D&amp;I. In most cases it‚Äôs thankless work and underrepresen‚Ä¶ https://t.co/l5NiSqfnFA
Fox,78,Mon Apr 16 23:10:37 +0000 2018,-0.0498,0.133,0.781,0.086,I‚Äôve been having an incredibly hard time with my anxiety over the last few weeks. All I wanted to share is that if‚Ä¶ https://t.co/fUlcltoUKh
Fox,79,Mon Apr 16 23:09:34 +0000 2018,0.765,0.0,0.752,0.248,Patricia is a wonderful human and has been doing a lot of work to better our community. If you can spare a few doll‚Ä¶ https://t.co/yxmsvOy5P9
Fox,80,Mon Apr 16 23:08:29 +0000 2018,0.4767,0.106,0.667,0.227,"RT @patriciarealini: i could use some help internet friends, interviewing and job hunting has strained my financially and i could use some‚Ä¶"
Fox,81,Mon Apr 16 22:01:00 +0000 2018,0.7783,0.0,0.738,0.262,"RT @JeanLeggett: It's okay if you haven't ""made it"" by 30. You spent your 20s gaining valuable life experience.

Ditto for 40. And 50.

May‚Ä¶"
Fox,82,Mon Apr 16 05:43:19 +0000 2018,0.4939,0.0,0.849,0.151,"If you care about user experience, web performance and leveraging automation to achieve both, keep your eyes peeled‚Ä¶ https://t.co/ZVe7xE6bAk"
Fox,83,Mon Apr 16 05:26:44 +0000 2018,0.34,0.0,0.87,0.13,We‚Äôve just shared photos from @cssconfau and @jsconfau. Check out the experience of the events. üòá‚Ä¶ https://t.co/gpWUPlIGze
Fox,84,Mon Apr 16 04:46:45 +0000 2018,0.765,0.0,0.72,0.28,A great primer for front-end developers on the importance of prioritising web performance and how to do so with‚Ä¶ https://t.co/fPJuvIgpcG
Fox,85,Mon Apr 16 04:41:32 +0000 2018,0.0,0.0,1.0,0.0,"@justkelly_ok Co-signed, I‚Äôm asleep on the couch at 9pm. üíÖüèª"
Fox,86,Mon Apr 16 03:51:09 +0000 2018,0.0,0.0,1.0,0.0,RT @SarahMowrey: A group of white men is called a subreddit
Fox,87,Mon Apr 16 03:49:14 +0000 2018,0.5983,0.0,0.727,0.273,It always warms my heart when our inclusion strategies get recognised. üíñ Thank you @Amys_Kapers!‚Ä¶ https://t.co/pWYIgXy6Sd
Fox,88,Mon Apr 16 02:09:07 +0000 2018,0.0,0.0,1.0,0.0,"‚ÄúYou see this a lot, a lot of white women who use adjacency to black women and to black feminism specifically to ge‚Ä¶ https://t.co/IHqAKJYyMx"
Fox,89,Mon Apr 16 02:04:11 +0000 2018,-0.7845,0.58,0.42,0.0,RT @alex_c_lee: You spelled ruin wrong https://t.co/k18YJBd24y
Fox,90,Mon Apr 16 02:03:09 +0000 2018,0.2732,0.0,0.923,0.077,"RT @IjeomaOluo: Hey @aminatou 
So, I was just sent screenshots of your quote in Kohn's book and saw my name in there as well and figured I'‚Ä¶"
Fox,91,Mon Apr 16 01:55:50 +0000 2018,0.2023,0.103,0.733,0.163,RT @tauriqmoosa: Dear white folks: Please read this interview with the woman who recorded the video of the two men who got arrested at Star‚Ä¶
Fox,92,Sun Apr 15 23:40:59 +0000 2018,0.4019,0.0,0.881,0.119,A thousand times yes to this article by @anildash. It‚Äôs crucial to understand the profound effect tech has on the s‚Ä¶ https://t.co/5RKZH7rxxG
Fox,93,Sun Apr 15 23:01:49 +0000 2018,0.5023,0.0,0.812,0.188,@chelsea My partner sent me this but I feel like all I need is a valium bar. https://t.co/DktHWA3Xhd
Fox,94,Sun Apr 15 23:00:37 +0000 2018,-0.7572,0.314,0.686,0.0,I don‚Äôt know what this means but it‚Äôs the most terrifying calendar reminder. https://t.co/nMVBZBDrT9
Fox,95,Sun Apr 15 22:56:46 +0000 2018,0.0,0.0,1.0,0.0,"@sabrina By the way, if you‚Äôre looking to feature some Aussie spots, this one is my favourite:‚Ä¶ https://t.co/JmNKSyEPC3"
Fox,96,Sun Apr 15 22:55:51 +0000 2018,0.1984,0.183,0.608,0.209,@sabrina I wish! :( I have a few trips booked this year and I doubt I will get a real vacation (sobs). I hope to get there soon though!
Fox,97,Sun Apr 15 22:45:39 +0000 2018,-0.6486,0.209,0.791,0.0,"@ScottCate I didn‚Äôt expect the tweet to go so viral, it did for the right reasons though: the outrageous lack of di‚Ä¶ https://t.co/19d20vb46g"
Fox,98,Sun Apr 15 22:44:31 +0000 2018,0.636,0.0,0.785,0.215,@ScottCate If I was helping all of the people who defend themselves with ‚Äúyou should just help us!‚Äù I would have a‚Ä¶ https://t.co/8vgk6tafUy
Fox,99,Sun Apr 15 22:43:10 +0000 2018,0.0,0.0,1.0,0.0,"@ScottCate We‚Äôve all learned somehow, so either look up the materials, educate the teams, implement and track strat‚Ä¶ https://t.co/afitfJvGvG"
Fox,100,Sun Apr 15 22:41:46 +0000 2018,-0.0772,0.138,0.739,0.123,"@ScottCate Sadly, the default in situations like that is a reactionary fix, not structural change, understanding an‚Ä¶ https://t.co/vDh3DQHLKa"
nytimes,1,Mon Apr 23 00:04:13 +0000 2018,-0.1406,0.075,0.925,0.0,"San Francisco knows it's at risk for a big earthquake. Skyscrapers are sprouting up, but not even their engineers c‚Ä¶ https://t.co/wdWRriHvQ4"
nytimes,2,Sun Apr 22 23:46:34 +0000 2018,0.0,0.0,1.0,0.0,"When hip-hop culture started to spread in the 1980s, it literally remixed the way New Yorkers talked https://t.co/ztXmRxIquz"
nytimes,3,Sun Apr 22 23:29:39 +0000 2018,0.0516,0.199,0.588,0.213,Tariff Dodgers Stand to Profit Off U.S.-China Trade Dispute https://t.co/NpX7eNNOIR
nytimes,4,Sun Apr 22 23:20:24 +0000 2018,0.3612,0.0,0.872,0.128,"Although we tend to think of vegetables as a savory food, every vegetable has a natural range of sugar https://t.co/nNOGIwYpK1"
nytimes,5,Sun Apr 22 23:01:26 +0000 2018,-0.0516,0.074,0.926,0.0,To Be a Star Carlos Acosta Had to Leave Cuba. Maybe His Dancers Won‚Äôt Have To. https://t.co/qYZVNlzZFg
nytimes,6,Sun Apr 22 22:56:11 +0000 2018,-0.6124,0.364,0.636,0.0,2 Student Murders Have Binghamton University on Edge https://t.co/Z8G3gAcZgO
nytimes,7,Sun Apr 22 22:50:44 +0000 2018,0.5859,0.0,0.817,0.183,"Kendrick Lamar's ""DAMN."" is the first hip-hop album to win a Pulitzer. Classical editor @zwoolfe and pop critic‚Ä¶ https://t.co/1rCqJ6xa4T"
nytimes,8,Sun Apr 22 22:34:13 +0000 2018,0.3182,0.075,0.793,0.132,"‚ÄúA lot of smiling, head shaking, even some tears.‚Äù A woman gave a $10 million donation to an independent radio stat‚Ä¶ https://t.co/Tz7E77RApc"
nytimes,9,Sun Apr 22 22:16:17 +0000 2018,0.0,0.0,1.0,0.0,"Ask a Showrunner: As ‚ÄòWestworld‚Äô Returns, the Creators Discuss Twists, Reddit and Rickrolls https://t.co/9mWvGrlfSv"
nytimes,10,Sun Apr 22 22:15:09 +0000 2018,0.0,0.0,1.0,0.0,"In Opinion

Op-Ed columnist @MaureenDowd writes, ""Bar knew 10 ways to throw shade, but she knew 100 ways to shine l‚Ä¶ https://t.co/7sUwzEy2XP"
nytimes,11,Sun Apr 22 22:13:29 +0000 2018,-0.7351,0.383,0.617,0.0,Inside One of America‚Äôs Ugliest Political Feuds: Cuomo vs. de Blasio https://t.co/nMEPt4Vg5V
nytimes,12,Sun Apr 22 22:00:08 +0000 2018,0.0,0.0,1.0,0.0,A ballyhooed campaign by Volkswagen to become an exemplary corporate citizen has been floundering https://t.co/HwhiYSd2XM
nytimes,13,Sun Apr 22 21:45:06 +0000 2018,0.3182,0.0,0.892,0.108,"The first novel by the CNN anchor is about a new congressman with secrets, and it includes a parade of high-profile‚Ä¶ https://t.co/Vt9rmZO44K"
nytimes,14,Sun Apr 22 21:30:14 +0000 2018,0.0,0.0,1.0,0.0,"Ellen Burstyn on the #MeToo movement: ""We‚Äôve been living under a patriarchy since the fall of Crete, and that cultu‚Ä¶ https://t.co/DdvB5W9jrz"
nytimes,15,Sun Apr 22 21:15:08 +0000 2018,-0.4404,0.151,0.849,0.0,"""Finding out that Oliver is gay was no different than finding out my other son is obsessed with 'The Lord of the Ri‚Ä¶ https://t.co/P3HKZBgPWP"
nytimes,16,Sun Apr 22 21:00:08 +0000 2018,0.0689,0.125,0.736,0.14,"‚ÄúWhat he‚Äôs doing is a threat to democracy, but so is Amazon. That‚Äôs the dilemma.‚Äù https://t.co/AdyofXnBp6"
nytimes,17,Sun Apr 22 20:45:06 +0000 2018,-0.7502,0.305,0.604,0.091,"Cuomo and de Blasio are engaged in a feud so nasty, petty and prolonged that even in the cutthroat politics of New‚Ä¶ https://t.co/e3Y07Oggr2"
nytimes,18,Sun Apr 22 20:30:04 +0000 2018,0.0516,0.157,0.714,0.129,"A customer rushed the gunman, wrestled the weapon away and threw it over the counter. ‚ÄúHe is the hero here and no d‚Ä¶ https://t.co/3HcUUTgIt4"
nytimes,19,Sun Apr 22 20:15:07 +0000 2018,-0.8434,0.362,0.638,0.0,"The personal payment platform Zelle is flourishing. But so are fraudsters, who are exploiting weaknesses in the ban‚Ä¶ https://t.co/lIVzzPxjlL"
nytimes,20,Sun Apr 22 20:00:04 +0000 2018,-0.4019,0.155,0.755,0.091,"In London, an artist set up ""pollution pods"" to highlight the global crisis. Our reporter ducked in and came out co‚Ä¶ https://t.co/d0iAM4rB9s"
nytimes,21,Sun Apr 22 19:45:09 +0000 2018,0.0,0.0,1.0,0.0,"President Trump, in defending his actions before a planned summit meeting, incorrectly claimed that North Korea had‚Ä¶ https://t.co/jr1FsjByLk"
nytimes,22,Sun Apr 22 19:30:12 +0000 2018,-0.2023,0.168,0.701,0.131,"Nearly 50 years ago, environmental disasters spurred a popular movement that culminated in new protections and help‚Ä¶ https://t.co/KwRT4RQHfQ"
nytimes,23,Sun Apr 22 19:15:05 +0000 2018,0.6908,0.0,0.769,0.231,"‚ÄúA Quiet Place‚Äù continued to make noise at the box office, taking back the top spot from the blockbuster ‚ÄúRampage‚Äù https://t.co/5v9BgAZIEz"
nytimes,24,Sun Apr 22 19:00:04 +0000 2018,0.2263,0.0,0.894,0.106,HBO‚Äôs ‚ÄúWestworld‚Äù returns tonight. Here‚Äôs a spoiler-heavy refresher of last season that should spark any memories p‚Ä¶ https://t.co/6cRTh1UstR
nytimes,25,Sun Apr 22 18:45:08 +0000 2018,-0.6369,0.234,0.766,0.0,Two sisters accused of abusing Korean Air employees will be removed from management positions in their family-run c‚Ä¶ https://t.co/s8SuiT75H2
nytimes,26,Sun Apr 22 18:30:04 +0000 2018,-0.128,0.143,0.737,0.12,"‚ÄúA unified, democratic Korea aligned with the U.S. will be dangerous to the Communist regime in China"" https://t.co/yEGVEP4cOk"
nytimes,27,Sun Apr 22 18:15:07 +0000 2018,0.0,0.0,1.0,0.0,"Republican candidates all over are parroting the president, spouting his catchphrases and donning his hats as they‚Ä¶ https://t.co/YeWEBVofAZ"
nytimes,28,Sun Apr 22 18:00:07 +0000 2018,0.5106,0.0,0.837,0.163,"In Opinion

Op-ed contributors Peter Fritsch and Glenn R. Simpson write, ""We found strong indications that companie‚Ä¶ https://t.co/EKPGH43q7f"
nytimes,29,Sun Apr 22 17:45:05 +0000 2018,-0.875,0.321,0.679,0.0,A suicide bomber killed at least 52 people as they lined up at a government office in Kabul to register to vote https://t.co/eq0yIuROwl
nytimes,30,Sun Apr 22 17:30:03 +0000 2018,0.2023,0.0,0.833,0.167,"Here are the week‚Äôs top stories, and a look ahead https://t.co/po0vSqXIid"
nytimes,31,Sun Apr 22 17:15:05 +0000 2018,0.0,0.0,1.0,0.0,"Rising from a barren stretch of African scrubland, a half-finished drone base represents the newest front line in A‚Ä¶ https://t.co/cBZssx3w43"
nytimes,32,Sun Apr 22 17:00:13 +0000 2018,0.6369,0.0,0.811,0.189,‚ÄúWestworld‚Äù has now shifted into a wide-open space where the androids are getting their first taste of freedom but‚Ä¶ https://t.co/z7CREctiN5
nytimes,33,Sun Apr 22 16:45:06 +0000 2018,0.4215,0.0,0.833,0.167,Every dog has its day. Some are lucky enough to get their own museum. https://t.co/gGmLELhHNU
nytimes,34,Sun Apr 22 16:30:08 +0000 2018,-0.5267,0.167,0.833,0.0,"Burning coal is a part of daily life in Poland. As a result, its cities rank among Europe's dirtiest. https://t.co/v6PNkaTPQ9"
nytimes,35,Sun Apr 22 16:15:04 +0000 2018,0.0516,0.083,0.827,0.09,"As the president of France prepares for a state visit to the U.S., critics say he has been giving up too much to Pr‚Ä¶ https://t.co/OqyTCq2BMB"
nytimes,36,Sun Apr 22 16:10:18 +0000 2018,-0.128,0.064,0.936,0.0,RT @nytpolitics: Air Force personnel are working to complete a $110 million airfield in Niger that will be used to strike extremists in Wes‚Ä¶
nytimes,37,Sun Apr 22 16:00:08 +0000 2018,0.0,0.0,1.0,0.0,Greg Pence‚Äôs race shows the durable power in politics of a famous name and insider connections https://t.co/Y36FzJABep
nytimes,38,Sun Apr 22 15:53:05 +0000 2018,0.0,0.0,1.0,0.0,"RT @NYTScience: A senator dismissed a scientist's research as ""synchronized swimming for sea monkeys."" Here's what we're starting to learn‚Ä¶"
nytimes,39,Sun Apr 22 15:45:04 +0000 2018,0.4019,0.0,0.876,0.124,"There‚Äôs plenty you can do to help schools and students, even if you have only a few dollars to spare https://t.co/gcPdugI4RN"
nytimes,40,Sun Apr 22 15:43:18 +0000 2018,0.0516,0.107,0.779,0.115,"RT @nytopinion: The fight against climate change is a nonpartisan issue across the globe except, of course, in the United States. #EarthDay‚Ä¶"
nytimes,41,Sun Apr 22 15:30:24 +0000 2018,0.0,0.0,1.0,0.0,What does it take to make a hit song? We reconstruct how ‚ÄòThe Middle‚Äô was made. https://t.co/aJGZcFJ7HC https://t.co/aS5PREscJy
nytimes,42,Sun Apr 22 15:15:07 +0000 2018,-0.3612,0.116,0.884,0.0,"Once the televised funeral for Barbara Bush was over, President Trump notified Americans that he‚Äôd been on the phon‚Ä¶ https://t.co/pVSt8tjZZy"
nytimes,43,Sun Apr 22 15:00:11 +0000 2018,0.0,0.0,1.0,0.0,"The amount of undelivered mail investigators retrieved was staggering: 10,000 pieces inside his vehicle, 6,000 in h‚Ä¶ https://t.co/z3z4XsFjVE"
nytimes,44,Sun Apr 22 14:45:05 +0000 2018,0.0,0.0,1.0,0.0,A neo-Nazi rally in Georgia drew about two dozen white nationalists and more than a hundred counterprotesters https://t.co/nI8PUguky8
nytimes,45,Sun Apr 22 14:30:04 +0000 2018,-0.7845,0.294,0.706,0.0,An 11-year-old boy in El Paso died after getting hit by a pickup truck while his school held a walkout to protest g‚Ä¶ https://t.co/J27STTQrPk
nytimes,46,Sun Apr 22 14:20:06 +0000 2018,-0.6486,0.238,0.762,0.0,RT @npfandos: Sustained criticism from the president. Mounting demands from Republicans in Congress. Ominous rumors that just won‚Äôt lift.‚Ä¶
nytimes,47,Sun Apr 22 14:14:03 +0000 2018,0.0,0.0,1.0,0.0,"The gunman, who was naked, fled on foot and remained at large more than five hours later, the police said https://t.co/703JSyC2xq"
nytimes,48,Sun Apr 22 13:59:01 +0000 2018,0.0,0.0,1.0,0.0,Orchestras are among America‚Äôs least racially diverse institutions. 3 national organizations aim to change that. https://t.co/C8gt3dBYan
nytimes,49,Sun Apr 22 13:48:04 +0000 2018,-0.0943,0.101,0.813,0.086,RT @mattbpurdy: EXCLUSIVE - Scott Pruitt and a daisy chain of hidden potential conflicts that stretch from the EPA back to his roots in Okl‚Ä¶
nytimes,50,Sun Apr 22 13:43:04 +0000 2018,0.0,0.0,1.0,0.0,"The 7 memos, in which James Comey methodically documented his interactions with President Trump in real time, did l‚Ä¶ https://t.co/AynNfjeTXJ"
nytimes,51,Sun Apr 22 13:30:09 +0000 2018,-0.6249,0.194,0.806,0.0,Reporters @amandataub and @max_fisher have been tracking violence that appeared linked to the way Facebook has inad‚Ä¶ https://t.co/zt8npP6jbp
nytimes,52,Sun Apr 22 13:29:26 +0000 2018,-0.6486,0.281,0.719,0.0,"Shooting at Waffle House in Nashville Leaves Three Dead, Police Say https://t.co/KYczhB9A4A"
nytimes,53,Sun Apr 22 13:26:24 +0000 2018,-0.5423,0.304,0.696,0.0,Nude Gunman Kills Four at Tennessee Waffle House https://t.co/JbHnX27XsT
nytimes,54,Sun Apr 22 13:00:10 +0000 2018,-0.4939,0.259,0.741,0.0,Deputy Attorney General Rod Rosenstein is confronting the political fight of his career https://t.co/YaWs2JCk6E
nytimes,55,Sun Apr 22 12:42:05 +0000 2018,-0.2263,0.241,0.759,0.0,Armenia Detains 3 Opposition Leaders Amid Protests https://t.co/E73lbzSvnR
nytimes,56,Sun Apr 22 12:30:05 +0000 2018,-0.886,0.409,0.591,0.0,"Fearing chaos and defeat, national Democrats are intervening in crowded midterm primaries in New York, Arkansas and‚Ä¶ https://t.co/rZQ5k2CseQ"
nytimes,57,Sun Apr 22 12:27:05 +0000 2018,0.0,0.0,1.0,0.0,"As Another Pence Runs for Congress, His Business Record Faces Scrutiny https://t.co/udK5VzLM1u"
nytimes,58,Sun Apr 22 12:21:38 +0000 2018,0.0,0.0,1.0,0.0,Opinion: States Are Doing What Scott Pruitt Won‚Äôt https://t.co/xzcwuSeSmD
nytimes,59,Sun Apr 22 12:00:13 +0000 2018,0.0,0.0,1.0,0.0,Kim Jong-Un's pivot away from nuclear testing and toward the economy came just days before a scheduled meeting with‚Ä¶ https://t.co/OqW90EAxVE
nytimes,60,Sun Apr 22 11:30:02 +0000 2018,0.0,0.0,1.0,0.0,An examination of Scott Pruitt‚Äôs political career in Oklahoma reveals that many of the pitfalls he has encountered‚Ä¶ https://t.co/P9lZxwLbme
nytimes,61,Sun Apr 22 11:00:07 +0000 2018,-0.5574,0.167,0.833,0.0,"A week before Prince died, a paramedic revived him from an overdose. The paramedic asked Prince how he felt. Prince‚Ä¶ https://t.co/RsKkKzw64D"
nytimes,62,Sun Apr 22 10:54:23 +0000 2018,0.296,0.0,0.872,0.128,"Album Review: John Prine Returns to Songwriting, Jaunty and Dark, on ‚ÄòThe Tree of Forgiveness‚Äô https://t.co/CD4ABSt0bG"
nytimes,63,Sun Apr 22 10:51:53 +0000 2018,0.4939,0.0,0.758,0.242,"Vows: 36 Years Later, He‚Äôs Out of the Friend Zone https://t.co/ft42NMQs07"
nytimes,64,Sun Apr 22 10:30:04 +0000 2018,0.0,0.0,1.0,0.0,Moms: they get the job done. But their labor is often invisible. https://t.co/59UCdlBmgL
nytimes,65,Sun Apr 22 09:49:09 +0000 2018,-0.8402,0.5,0.5,0.0,Suicide Bomber Kills at Least 31 Afghans in Kabul https://t.co/U3HtxEMkGO
nytimes,66,Sun Apr 22 09:43:44 +0000 2018,0.0,0.0,1.0,0.0,"In La Paz, Bolivia, our 52 Places Traveler @jadabird found that, despite gender inequality, women took a front seat‚Ä¶ https://t.co/kZUX4KpWP7"
nytimes,67,Sun Apr 22 09:25:48 +0000 2018,0.0,0.0,1.0,0.0,What #MeToo Means to Teenagers https://t.co/353EyUzfZG
nytimes,68,Sun Apr 22 09:08:34 +0000 2018,0.0,0.0,1.0,0.0,The tourism industry is offering new tours and programs designed specifically for female travelers https://t.co/Qpgw7jpYHL
nytimes,69,Sun Apr 22 08:50:57 +0000 2018,0.25,0.0,0.889,0.111,Now all self-proclaimed dog breed experts have a chance to prove their mettle or meet their comeuppance https://t.co/WPv9NiYaMh
nytimes,70,Sun Apr 22 08:32:34 +0000 2018,0.0,0.0,1.0,0.0,‚ÄúHuge outdoor loony bin‚Äù is not the most precise description of the Palio di Siena. But it will do for the moment. https://t.co/fnI204kDpD
nytimes,71,Sun Apr 22 08:14:41 +0000 2018,-0.4404,0.172,0.828,0.0,The harsh setback pushed professional tennis player Laura Siegemund forward in some unexpected ways https://t.co/J9D8uKvLKz
nytimes,72,Sun Apr 22 07:58:33 +0000 2018,0.0,0.0,1.0,0.0,"""If we as doctors can‚Äôt reason through the decision, how in the world can we expect patients to?‚Äù https://t.co/Gq0uyaKrPK"
nytimes,73,Sun Apr 22 07:41:04 +0000 2018,0.0772,0.099,0.788,0.113,"All of us are part of Generation Rx ‚Äî a huge, uncontrolled experiment with little precedent and few guideposts https://t.co/Dvwj2xt27N"
nytimes,74,Sun Apr 22 07:23:19 +0000 2018,0.4939,0.0,0.814,0.186,"‚Äú36 years later, it IS possible to get out of the friend zone, y‚Äôall‚Äù https://t.co/FuUhWL1SAu"
nytimes,75,Sun Apr 22 07:06:14 +0000 2018,0.0,0.0,1.0,0.0,Tech Tip: Reclaim Your Screen From Scammers https://t.co/pzmtecSYmw
nytimes,76,Sun Apr 22 07:03:17 +0000 2018,0.4215,0.0,0.826,0.174,The mask is off. The cape is in the closet. Finally Antonio Banderas is playing his dream role: Picasso. https://t.co/Bn1j7tzc8C
nytimes,77,Sun Apr 22 06:45:57 +0000 2018,-0.0516,0.07,0.93,0.0,Carlos Acosta had to leave Cuba to become a ballet star. Maybe his dancers won't have to.  https://t.co/2KkpMNyOVd
nytimes,78,Sun Apr 22 06:28:50 +0000 2018,0.5719,0.0,0.519,0.481,The perfect cupcake frosting https://t.co/az7qpSUJv8
nytimes,79,Sun Apr 22 06:11:40 +0000 2018,0.3832,0.0,0.894,0.106,Cubans on the streets of Havana show little enthusiasm for the passing of power out of the hands of the Castro fami‚Ä¶ https://t.co/KzB1wd3Te9
nytimes,80,Sun Apr 22 05:54:07 +0000 2018,0.1511,0.0,0.91,0.09,"""The one thing I don‚Äôt do is contour,"" Danai Gurira says. ""I want to see my face!"" https://t.co/mqCJV39mos"
nytimes,81,Sun Apr 22 05:36:48 +0000 2018,-0.5267,0.239,0.761,0.0,"""There was no drama with us. No 'Will we or won‚Äôt we?' Just a 'We are.'"" https://t.co/FRnTNbBk3z"
nytimes,82,Sun Apr 22 05:19:51 +0000 2018,0.0,0.0,1.0,0.0,How to make use of a financial planner regardless of your income https://t.co/SQKRghLiuO
nytimes,83,Sun Apr 22 05:03:00 +0000 2018,-0.4404,0.196,0.804,0.0,"Citing religion, a woman refused to shake hands with male officials at a naturalization ceremony in 2016. Now, a to‚Ä¶ https://t.co/3NGlpUvoBh"
nytimes,84,Sun Apr 22 04:46:20 +0000 2018,0.0,0.0,1.0,0.0,"When hip-hop culture started to spread in the 1980s, it literally remixed the way New Yorkers talked https://t.co/PSkqruZcTj"
nytimes,85,Sun Apr 22 04:28:15 +0000 2018,0.0,0.0,1.0,0.0,"""Cannabis light"" is booming in Italy. Is it a step towards legalization, or just marketing smoke and mirrors? https://t.co/wNKFwjNphV"
nytimes,86,Sun Apr 22 04:11:34 +0000 2018,0.0,0.0,1.0,0.0,Kiwi was the gateway drug https://t.co/wGNqtfUSEJ
nytimes,87,Sun Apr 22 03:52:45 +0000 2018,-0.2755,0.161,0.839,0.0,"If you don't like podcasts, these might be up your alley https://t.co/MOcQTJ9OaF"
nytimes,88,Sun Apr 22 03:35:42 +0000 2018,0.802,0.0,0.613,0.387,"Sedona attracts hikers and ""energy centers"" seekers. Now the high desert has drawn wine lovers. https://t.co/bSIallf1G1"
nytimes,89,Sun Apr 22 03:17:35 +0000 2018,-0.4215,0.219,0.781,0.0,Mitt Romney Fails to Bypass Utah Primary for U.S. Senate https://t.co/pXfeJjWB11
nytimes,90,Sun Apr 22 03:04:47 +0000 2018,-0.296,0.095,0.905,0.0,The founders of Hanky Panky have been in the business for more than 40 years. They have no plans to retire. https://t.co/vOzinukq8J
nytimes,91,Sun Apr 22 02:46:15 +0000 2018,0.0,0.0,1.0,0.0,"Are you in the market for baggage claim carousels, passport scanners and signs that declare ‚ÄúNothing to declare‚Äù? https://t.co/OrsGd9VdCG"
nytimes,92,Sun Apr 22 02:30:00 +0000 2018,0.0,0.0,1.0,0.0,"Denzel Washington: ""How old are you?""
Michael B. Jordan: ""31.""
Denzel: ""Man, I got underwear older than that."" https://t.co/rZmNfeieF8"
nytimes,93,Sun Apr 22 02:10:48 +0000 2018,0.0,0.0,1.0,0.0,Even vegetable stews can have more vegetables https://t.co/Q8rkUI0kmv
nytimes,94,Sun Apr 22 01:54:09 +0000 2018,0.0,0.0,1.0,0.0,Neo-Nazi Rally Draws About Two Dozen People and Upends a Small Georgia City https://t.co/zjEtzyqmN4
nytimes,95,Sun Apr 22 01:37:28 +0000 2018,0.2023,0.226,0.472,0.302,Can dirt save the earth? https://t.co/BjDV2jGArv https://t.co/bg4LPH0oBA
nytimes,96,Sun Apr 22 01:18:23 +0000 2018,-0.5574,0.175,0.825,0.0,"When Janelle Mon√°e's mentor, Prince, died in 2016, she started to rethink how she would present herself https://t.co/WCxlwbxFwY"
nytimes,97,Sun Apr 22 01:00:06 +0000 2018,0.4404,0.0,0.861,0.139,"As Facebook pushes into developing countries, it tends to be initially received as a force for good. But Facebook‚Äôs‚Ä¶ https://t.co/ZgJanHNq5e"
nytimes,98,Sun Apr 22 00:35:36 +0000 2018,0.0,0.0,1.0,0.0,"After Sylvester Stallone Call, Trump Considers ‚ÄòFull Pardon‚Äô of Long-Dead Boxer https://t.co/6gLRptedWW"
nytimes,99,Sun Apr 22 00:22:49 +0000 2018,0.0,0.0,1.0,0.0,"Potatoes were domesticated more than 10,000 years ago. But new varieties are being discovered all the time. https://t.co/C3svBX8cWY"
nytimes,100,Sun Apr 22 00:05:41 +0000 2018,0.91,0.0,0.596,0.404,"Modern Love: ""The thing I prized most about our relationship was that Sarah knew everything about me ‚Äî and loved me‚Ä¶ https://t.co/lHviGju3op"
